lead_id,company,contact_name,contact_job_title,contact_email,contact_phone,contact_status,award_value,award_date,buyer,tender,province,category,priority_score,next_action,assigned_to
81754b68-9756-4d1b-b4b2-64edef16d5a6,4RGA ELECTRICAL PROJECT MANAGEMENT AND CONTRACTING,,,,,none,1596119.00,2026-07-17 00:00:00+00:00,cmlfkiys30045uatwv93h5vcg,"Supply and Installation of a 300kVA Diesel Backup Generator for Seven Stars Dairy in Amahlathi Municipality, Eastern Cape",Eastern Cape,Supplies: Electrical Equipment,53.20,Find contact,
2b1689fe-48dd-49ef-a550-da10122a74fa,CLIFFE DEKKER HOFMEYR,,,,,none,1196000.00,2026-07-14 00:00:00+00:00,cmlnsishs07q5la04n7e5qmcc,Appointment of Ms. Krugel and Mr. Benjamin employed at Cliffe Dekker Hofmeyer Inc. to render litigation support services to the National Prosecuting Authority,National,,53.20,Find contact,
417eda69-3589-4ff9-a4f1-cf57e1986824,MINGO PLANT HIRE,,,,,none,4647966.50,2026-07-13 00:00:00+00:00,cmjm7ur8d00jhji0425h46zrw,"RFQ: 4GB+ Building Contractor for Muizenberg Station Repairs, Alterations & Additions (12-Month Project)",Western Cape,Construction of buildings,53.20,Find contact,
341eaeb9-eecb-4f20-9b29-5d5d8542dabc,LEXISNEXIS,,,,,none,1089962.24,2026-07-14 00:00:00+00:00,cmlnsishs07q5la04n7e5qmcc,Appointment of Ms. Krugel and Mr. Benjamin employed at Cliffe Dekker Hofmeyer Inc. to render litigation support services to the National Prosecuting Authority,National,,48.20,Find contact,
90e7b027-59ec-491b-abc5-65291d42c65a,FRANTINY TRADING ENTERPRISE,,,,,none,890065.50,2026-07-09 00:00:00+00:00,cmkpjkrvn061cuapwkd9vohy8,30 X Laptops for Admin Staff at Various Magistrate Courts,Northern Cape,,47.20,Find contact,
1563be67-bd02-4da3-8106-d07c4510ec6d,LURE CONSULTING,,,,,none,870000.00,2026-07-08 00:00:00+00:00,cmkpm6i0r080duapwyl5qgtyy,"Rfx:6000033878 Clearvu Fence & Burglar Bars, Doringkloof",Gauteng,,47.20,Find contact,
3b7774a8-4c4b-436e-9e09-cd02f0d04290,Cape Town Visitor Service Association,,,,,none,753462.00,2026-07-07 00:00:00+00:00,cmlnsfedl04z4la04z0ajwide,Executive partnership renewal - Cape Town Tourism,Western Cape,,47.20,Find contact,
75a94256-da5b-4c84-baa6-f4aeb2af31b0,IA SOLUTIONS,,,,,none,986000.00,2026-07-06 00:00:00+00:00,cmkpm6i0r080duapwyl5qgtyy,"Rfx:6000033725 Electrical Stock, Brooklyn",Gauteng,,47.20,Find contact,
6fc5c0bd-57eb-4d6f-b363-03090b97512b,MOAGI TECHNOLOGIES,,,,,none,1405190.27,2026-07-06 00:00:00+00:00,cmkpm6i0r080duapwyl5qgtyy,The procurement of Adobe VIP subscription licenses.,National,,47.20,Find contact,
cc6b2a15-e467-47eb-a715-08a7d539c9d1,ZENTECH INNOVATIONS,,,,,none,4698253.33,2026-07-04 00:00:00+00:00,cmk1nj4h5000sih04ir9bn2jk,"The establishment of an enabling agreement for the provision of Facilities Management Services (Technical Maintenance Services) for the Free State Operating Unit, on an as and when required basis. Eskom will enter into 3 Panel Contracts for the Bloemfontein Sector & Corporate Buildings (Panel 1), Welkom & Kroonstad Sectors (Panel 2) and Bethlehem Sector (Panel 3) for a period of 49 months.",Free State,,47.20,Find contact,
1f893676-2adf-44b5-90f3-9b28c325a532,EBSCO INTERNATIONAL INC,,,,,none,617550.00,2026-07-02 00:00:00+00:00,cmk1urpq2002hl504xtce4b0l,Subscription for library services database packages for a period of 12 months,National,,47.20,Find contact,
b9e1272f-0fd8-459a-a961-7d63c7b405ff,TIPP FOCUS HOLDINGS,,,,,none,4691811.30,2026-07-01 00:00:00+00:00,cmkpjkrvn061cuapwkd9vohy8,Provision of Ict Skills Resourcing Services in Support of the Integrated Justice System (Ijs) Programme Until July 31,National,,47.20,Find contact,
a0a16c11-f8ff-4cc5-a314-d3fc7100552c,E C M TECHNOLOGIES,,,,,none,612966.86,2026-06-30 00:00:00+00:00,cmk2bvd7u0024ju04i2r9iihr,"Upgrade of memory from 8 Gig to 64 Gig, compatible lenses and mounts adapters.",Gauteng,,47.20,Find contact,
a4dc62c2-4c05-48f2-ad78-15a956092518,RUKHO SECURITY SERVICES,,,,,none,895800.00,2026-06-30 00:00:00+00:00,cmkazdrm3001il504skewp9ij,Security Guarding Services for RAF Menlyn Office with Strict Data Protection and Physical Security Requirements,Gauteng,Security and investigation activities,47.20,Find contact,
fc9f81ec-7cbe-464a-80a8-aa98d3a0b763,DASSAULT SYSTEMES SOUTH AFRICA,,,,,none,1580100.00,2026-06-30 00:00:00+00:00,cmk2bvd7u0024ju04i2r9iihr,1-Year Renewal of Dassault Biovia Materials Studio software license for CHPC users,Western Cape,,47.20,Find contact,
0b636d3c-cea2-45c9-8670-88dfb49fd06f,RED ANT SECURITY RELOCATION AND EVICTION SERVICES,,,,,none,863328.00,2026-06-30 00:00:00+00:00,cmkpf35ra02qmuapwn4pa4o44,Transportation of Immigrants to Camp Lindela (Krugersdorp),Western Cape,,47.20,Find contact,
65e0ef78-3aed-48bd-9724-2e15f3498ab1,AMANGWEVU CONSULTING,,,,,none,4778951.50,2026-06-29 00:00:00+00:00,cmjm7ur8d00jhji0425h46zrw,"Supply of PRASA Ticket Materials: ITix, Pitix, and Thermal Ribbons for Rail Ticketing Systems",Gauteng,Supplies: Stationery/Printing,47.20,Find contact,
ae30152c-2f05-4ded-b8de-c98fe0e9bf0a,LUNGISA P CONSULTANCY,,,,,none,968760.00,2026-06-26 00:00:00+00:00,cmk2llt9z001eky04fvlqmalc,KwaZulu-Natal Transport: Service Provider Needed to Develop a New Service Delivery Model (SDM),KwaZulu-Natal,Services: Professional,47.20,Find contact,
f3fd152d-ddc5-484d-a180-f913946b4091,WHERE FROM HERE PROJETS,,,,,none,896655.00,2026-06-26 00:00:00+00:00,cmkv34p2d002vlb042nei8ddf,Emergency Vip Security and Residential Access Control Services Rendered by Onpoint for Board Chairperson for the Period of 6 Months,Eastern Cape,,47.20,Find contact,
d2912501-85fb-40c2-a2f8-0d537bed23b3,LASRAY CONSTRUCTION,,,,,none,699913.00,2026-06-26 00:00:00+00:00,cmkbrjbmr00bajs04wc5h1geh,"Motivation for the Approval of Service Providers for the Work and Payment Under the Provisions of Emergency Procurement for the Various Storm Damage to Infrastructure at the Kirstenbosch National Botanical Garden, Cape Town.",Western Cape,,47.20,Find contact,
dc5971d3-a50a-47a9-a217-3654f4d889b2,THULARE AND MAHLAKO SUPPLIES,,,,,none,3496000.00,2026-06-26 00:00:00+00:00,cmk2an44w002tl204yokgunor,"Reconstruction of Culvert Bridge in Luckau Village, Limpopo",Limpopo,Administrative and support activities,47.20,Find contact,
d7128ad9-06f2-40db-9900-17aa61a63e7c,BEN STRUCTURAL STEEL ERECTING AND PROJECTS,,,,,none,3450600.30,2026-06-26 00:00:00+00:00,cmk2an44w002tl204yokgunor,"Reconstruction of Culvert Bridge in Kwapundulwana Village, Limpopo",Limpopo,Administrative and support activities,47.20,Find contact,
9a94b4cd-007b-4b5e-a5da-a037d5e0842c,PHUTHUMANI IT SOLUTIONS,,,,,none,595500.00,2026-06-26 00:00:00+00:00,cmlnsdf0302b0la04nrnurn8k,Appointment of a service provider for provision of sage x3 and sage people 300 support and maintenance services for a period of three (03) months.,Gauteng,,47.20,Find contact,
0a34cec9-bff0-4e02-9430-a17a7a4b73aa,MAXODE TRADING AND PROJECTS,,,,,none,4959294.50,2026-06-26 00:00:00+00:00,cmkpc1kxt00ljuapwnzy5d029,Event Management Services for Dundee Horse Racing Track Event (18 July 2026),KwaZulu-Natal,"Arts, entertainment and recreation",47.20,Find contact,
45d5bd49-8b33-4b45-b680-3a9d30d4a246,SEMI TECH,,,,,none,2426442.90,2026-06-25 00:00:00+00:00,cmjm7pre0005jji0448idk5cc,Supply Network Equipment & Cabling for RTIA – Northern Cape Government Tender,Northern Cape,Supplies: Computer Equipment,47.20,Find contact,
5b03c151-f56d-49c2-b8b0-36a623757230,USIZO PROJECTS MAINTENANCE AND SERVICES,,,,,none,902555.20,2026-06-24 00:00:00+00:00,cmk2jwyad003vky04bgxp80pv,Gallery Cladding Repairs at Port of Richards Bay (PRT) Chrome Shutdown,KwaZulu-Natal,Services: Building,47.20,Find contact,
f094da6a-7c0d-4cdc-8441-ff7190c2f401,MAMARI HOLDINGS,,,,,none,602820.43,2026-06-23 00:00:00+00:00,cmkazdrm3001il504skewp9ij,Rental of Secure Office Space for RAF Mafikeng CEC Office with POPIA-Compliant Security Measures,Eastern Cape,Rental and leasing activities,47.20,Find contact,
7598b9ec-9d22-4ac6-8656-eb6c0e0042b7,AMANDLAGCF CONSTRUCTION,,,,,none,1477750.00,2026-06-23 00:00:00+00:00,cmkh36fd70097jj04s2xf64ew,Mechanical Earthmoving Services for Excess Material Removal in Western Cape Rivers,Western Cape,Civil engineering,47.20,Find contact,
9bc84221-0fc7-4f5e-aba3-71f8d91d0a71,SYNERGY BUSINESS EVENTS,,,,,none,528777.77,2026-06-22 00:00:00+00:00,cmlnsfedl04z4la04z0ajwide,Purchase Exhibition Services At The Africa Indaba,Western Cape,,47.20,Find contact,
809c53bd-7152-4b3a-8842-ded1ac54c1e0,DARK FIBRE AFRICA,,,,,none,1827056.49,2026-06-22 00:00:00+00:00,cmk2bvd7u0024ju04i2r9iihr,Removal of the Walter Sisulu University (WSU) ABSA Stadium site within the existing East London (EL) Metropolitan dark fibre ring,Eastern Cape,,47.20,Find contact,
135d3737-ff16-4bd8-a9e1-af1293783e05,IMFOBE TRADING,,,,,none,2829508.79,2026-06-22 00:00:00+00:00,cmlbz4vzg0021ua0g53ventaz,"Supply, Delivery and Installation of 12ha Solidset Sprinkler Irrigation System at Mthakatye Irrigation Scheme, Nyandeni LM, OR Tambo District",Limpopo,Civil engineering,47.20,Find contact,
cf49c009-d68d-4555-8aec-743bee93dbfa,SKYLIGHT GROUP,,,,,none,2964441.49,2026-06-20 00:00:00+00:00,cmk2gu0ig001il104vhlww19x,Library Subscriptions,Gauteng,,47.20,Find contact,
fd8077d1-aba1-4a80-bb02-51722c872316,INFINITY INTEGRATED SOLUTIONS,,,,,none,3008500.00,2026-06-19 00:00:00+00:00,cmk2bvd7u0024ju04i2r9iihr,Professional advisory and analytical services focused on the operational employment of space-enabled capabilities,Gauteng,,47.20,Find contact,
27aa1750-592d-4491-85d7-ffb7dd01440e,SIMUTRON,,,,,none,1730165.57,2026-06-19 00:00:00+00:00,cmk2bvd7u0024ju04i2r9iihr,122 Altair Units – Enterprise Suite-lease (software renewal),Gauteng,,47.20,Find contact,
a0ac9ce9-2438-4335-9813-5fc689bcca1c,ICHO KEALOTSWE-MATLOU,,,,,none,1562500.00,2026-06-19 00:00:00+00:00,cmk2bvd7u0024ju04i2r9iihr,"""The Space Law services being procured are professional legal advisory and analytical services focused on the interpretation and application of international space law, national legislation, and defence governance frameworks within a strategic planning context.",Gauteng,,47.20,Find contact,
a555c0e7-8523-44d2-b0ea-fdb75d3761ff,THE COMPOSITES GROUP,,,,,none,2640493.00,2026-06-19 00:00:00+00:00,cmk2bvd7u0024ju04i2r9iihr,Interim management of the Natural Fibre Hub facility located in Zone 3 of the Coega Special Economic Zone (SEZ) in Gqeberha (Port Elizabeth),Eastern Cape,,47.20,Find contact,
27be147e-4f46-46e3-93df-aa8cc9405892,NEC XON SYSTEMS,,,,,none,1831166.79,2026-06-19 00:00:00+00:00,cmkpkgs3806pjuapwzawc3k5u,Procurement of Fortinet Firewall Subscription Licenses (FortiAnalyzer & FortiGate) with Migration Services - Stellenbosch Municipality,Western Cape,Information service activities,47.20,Find contact,
61e1309c-41c4-40d4-9517-687affbe5662,DRUBANGO INVESTMENTS,,,,,none,619999.92,2026-06-19 00:00:00+00:00,cmkpm6i0r080duapwyl5qgtyy,"Rfx:6000033610 Branding of Mtu Vehicles, Brooklyn",Gauteng,,47.20,Find contact,
8b70de5e-7d9e-4cf2-803b-f07b3f101b24,ADVANCENET IT SERVICES,,,,,none,989816.50,2026-06-18 00:00:00+00:00,cmkepm718008cju04jvc0artm,Docusign Renewal – Bidder Disclosure Requirements,National,Information and communication,47.20,Find contact,
eff1d5b0-a8a2-47b2-b83d-f53da9ab71b2,LYRA SOUTHERN AFRICA,,,,,none,1174470.60,2026-06-18 00:00:00+00:00,cmkox7474007iii047cfxuior,"Bid Salga/10/2025: Request for Proposals for the Appointment of a Service Provider to Render Employee Wellness Programme (Ewp) Services for a Period of Five (5) Years, on Behalf of Salga",National,,47.20,Find contact,
e77c05cc-6c97-4e1b-91be-7b14dbacde89,EDWARD NATHAN SONNENBERGS,,,,,none,839500.00,2026-06-18 00:00:00+00:00,cmkox7474007iii047cfxuior,"Request for technical services and opinion on Tax, Vat and other employee tax related matters",National,,47.20,Find contact,
98503a02-f91e-4cda-95bd-6959b9a1ac73,ELITE MM PROJECTS,,,,,none,198500.00,2026-07-14 00:00:00+00:00,cmlhgl21r006kl70460ejkhel,Logistics Services for Nissan Equipment Relocation – AIDC Tender in Gauteng,Gauteng,Land transport and transport via pipelines,46.20,Find contact,
5f17705f-ad66-4d47-b45e-dc60cf4dfd7c,THE ETHICS INSTITUTE,,,,,none,42013.00,2026-07-13 00:00:00+00:00,cmk8zvulf0008l104xihx55ic,Ethics Officer Certification Programme Training for Special Investigation Unit,Gauteng,Education,46.20,Find contact,
5343fd02-5eb7-4c06-a879-a70d9cad553d,PTP INTERGRATED,,,,,none,6365287.59,2026-07-01 00:00:00+00:00,cmk2gu0ig001il104vhlww19x,"procurement by other means (sole source) of eBono EDRMS license, Support & Maintenance and Hosting from PTPi for a period of 36 Months",Gauteng,,42.20,Find contact,
79fc44d1-c571-43f4-bce5-aff1b7c3547b,BIOS DATACENTER-TRADING AND PROJECTS,,,,,none,6526379.64,2026-06-29 00:00:00+00:00,cmkpez91k02okuapwtixchisy,Appointment of an Authorised Microsoft License Solution Provider (LSP) for OVS-ES for the National School of Government,National,Services: Professional,42.20,Find contact,
eecb5c79-f26e-4657-9409-2d9e6e83e938,ILT GROUP,,,,,none,6725537.50,2026-06-29 00:00:00+00:00,cmkpjkrvn061cuapwkd9vohy8,Cleaning & Gardening Services Tender – Free State Provincial Offices (36 Months),Free State,Services: Functional (Including Cleaning and Security Services),42.20,Find contact,
40ab17cd-09d8-4e4a-80cf-cbd247cd228b,DELAKUFA SPIRIT SECURITY SERVICES,,,,,none,8985197.98,2026-06-29 00:00:00+00:00,cmkpjkrvn061cuapwkd9vohy8,Cleaning & Gardening Services Tender – Mpumalanga Provincial Government (36 Months),Mpumalanga,Services: Functional (Including Cleaning and Security Services),42.20,Find contact,
07071f96-ed62-46c6-b263-9c966b75fd60,IFA LETHU TECHNOLOGIES,,,,,none,7576410.00,2026-06-26 00:00:00+00:00,cmkw9uod800ueual4e7okp8yr,"Supply, delivery and offloading of polymeric coagulants for Vaalkop, Wallmansthal, Cullinan and Klipdrift Water Treatment Plants",North West,,42.20,Find contact,
6cc091c7-4667-4242-ba50-8a6dfbb00e69,SODEMA,,,,,none,9249553.26,2026-06-25 00:00:00+00:00,cmkpm6i0r080duapwyl5qgtyy,"Lease between SARS and Sodema CC for the Klerksdorp Branch Office, effective from 1 January 2027 to 31 December 2028, with an early exit clause.",Gauteng,,42.20,Find contact,
2ba5622b-92d1-4963-8aea-06e25e6af0f3,ENGINEERING ADVICE AND SERVICES WESTERN CAPE,,,,,none,14475211.83,2026-06-25 00:00:00+00:00,cmkpkgs3806pjuapwzawc3k5u,Deviation DSM 18/26,Western Cape,,42.20,Find contact,
de8cfa80-9ea9-48de-9096-f804ba103cd6,INENZO WATER,,,,,none,12685581.92,2026-06-25 00:00:00+00:00,cmkpkgs3806pjuapwzawc3k5u,"Operations and Maintenance of Stellenbosch, Wemmershoek and Pniel WWTW",Western Cape,,42.20,Find contact,
9290ad0c-90de-417b-9f78-e8759ef5e6f3,MEASURING INSTRUMENTS TECHNOLOGY (MIT),,,,,none,7198858.55,2026-06-23 00:00:00+00:00,cmk2bvd7u0024ju04i2r9iihr,Procurement for the supply of a Spectroradiometer,Gauteng,,42.20,Find contact,
0b9c0e48-5e21-45c0-a608-c45ba56a303d,DONE DEAL HOLDINGS,,,,,none,1330700.00,2026-06-23 00:00:00+00:00,cmk2n7juq002ola04z5rnsvx2,"Supply and Delivery of Laptops, Desktops, Printer, Projector, and Laptop Bags for Sekhukhune District Municipality (Once-Off)",National,Supplies: General,42.20,Find contact,
5061353b-4713-4aa7-a5f0-053952febbb9,RUNNING SILVER,,,,,none,1725000.00,2026-06-23 00:00:00+00:00,cmkh36fd70097jj04s2xf64ew,"Supply, Delivery & Installation of Drip Irrigation and Cold‑Room – Gauteng Government Tender",Gauteng,Civil engineering,42.20,Find contact,
fce409ad-d7db-4b98-9073-2d1dbc4ccc41,RUNNING SILVER,,,,,none,2364400.00,2026-06-23 00:00:00+00:00,cmkh36fd70097jj04s2xf64ew,Mechanical Earthmoving Services for Excess Material Removal in Western Cape Rivers,Western Cape,Civil engineering,42.20,Find contact,
b9c735c3-45db-4cda-8efc-f5fe2f08ee94,SHC - CIVILS AND MAINTENANCE,,,,,none,8457100.00,2026-06-23 00:00:00+00:00,cmkh36fd70097jj04s2xf64ew,Mechanical Earthmoving Services for Excess Material Removal in Western Cape Rivers,Western Cape,Civil engineering,42.20,Find contact,
fb1af849-b62f-4d4e-b9b4-33d4bab66817,LEXISNEXIS,,,,,none,576180.62,2026-06-20 00:00:00+00:00,cmk2gu0ig001il104vhlww19x,Library Subscriptions,Gauteng,,42.20,Find contact,
74367cd5-4a2a-47dc-990e-0ed695f916ff,Nelson Mandela University,,,,,none,9114654.42,2026-06-19 00:00:00+00:00,cmk3a6doq002bjs042i33mm20,DSTI Research Support Project,Gauteng,,42.20,Find contact,
8a378ceb-7ada-4f92-9673-fb00ea2510c9,DONE DEAL HOLDINGS,,,,,none,700000.00,2026-06-18 00:00:00+00:00,cmk2an44w002tl204yokgunor,Supply and Delivery of Tools and Equipment for MSMEs and Co-operatives in Elias Motsoaledi Local Municipality,Mpumalanga,Administrative and support activities,42.20,Find contact,
c232bcb2-ba12-41a9-9ae7-be5d7b6a1ab3,THE INSTITUTE OF DIRECTORS IN SOUTH AFRICA,,,,,none,21703.00,2026-07-10 00:00:00+00:00,cmk8zvulf0008l104xihx55ic,Request for quotation for Institute of Directors South Africa being a director 1-4 Programme.,Gauteng,,40.20,Find contact,
e3280d73-0b99-4db4-8723-1cb839bedb18,SHAZ ENTITIES AND SUPPLIES,,,,,none,161237.00,2026-07-09 00:00:00+00:00,cmkpjkrvn061cuapwkd9vohy8,"MC Sebokeng - High back chairs, boardroom chairs and court bench",Gauteng,,40.20,Find contact,
dc626be9-1d04-49e9-95a8-d427e22f63ef,MANAKELLY,,,,,none,150376.00,2026-07-09 00:00:00+00:00,cmkpm6i0r080duapwyl5qgtyy,Rfx:6000034085 Rubber Mats: Brooklyn,Gauteng,,40.20,Find contact,
13100b46-b726-46e7-a89d-66cfa0a1fe10,PERKINELMER SOUTH AFRICA,,,,,none,57557.17,2026-07-08 00:00:00+00:00,cmkv34p2d002vlb042nei8ddf,ICP Training,Eastern Cape,,40.20,Find contact,
8da6dd8f-20c6-45f1-a0b8-34dec3ca7f4d,MKABANI TONERS AND PROJECTS,,,,,none,196944.00,2026-07-08 00:00:00+00:00,cmkpjkrvn061cuapwkd9vohy8,MC Vereenigeng - Toners and Drums,Gauteng,,40.20,Find contact,
6888fb1d-23fc-4269-bb3b-b2badba9d8b8,KK IT Solutions,,,,,none,318369.45,2026-07-08 00:00:00+00:00,cmkpjkrvn061cuapwkd9vohy8,"State Attorney JHB - Laptops, docking stations and printers",Gauteng,,40.20,Find contact,
09c086d2-605d-4083-afd3-c2f2ed5de8a8,MGS CIVILS AND SUPPLY,,,,,none,308200.00,2026-07-08 00:00:00+00:00,cmkpm6i0r080duapwyl5qgtyy,"Remove Old Door, Supply and Install New Steel Door",Gauteng,,40.20,Find contact,
894985ec-fd7d-427c-9604-7ecba28bf953,K V M RISK SOLUTIONS,,,,,none,243800.00,2026-07-08 00:00:00+00:00,cmkpgan1t03m2uapw5jzy3z6u,Variation for the expansion of the KVM Risk Solutions contract to allow the service provider to continue assisting the MHSC with Construction Occupational Health and Safety (OHS) services for the MHSC Building Renovations Project for Stage 5 (construction monitoring) and Stage 6 (project close-out),Gauteng,,40.20,Find contact,
a866e300-3114-4902-b045-eb2d27d877b0,MOVEMENT TECHNICAL SERVICES,,,,,none,178533.35,2026-07-07 00:00:00+00:00,cmkpjkrvn061cuapwkd9vohy8,Day-to-day Maintenance at Heuningsvlei Pc,Northern Cape,,40.20,Find contact,
1cdad66a-6345-403f-ae06-3e7e51e72b3c,DHLN PROJECT AND SOLUTIONS,,,,,none,180000.00,2026-07-07 00:00:00+00:00,cmkpjkrvn061cuapwkd9vohy8,Masters JHB - Desktops,Gauteng,,40.20,Find contact,
9c53512d-08a0-488d-8187-e494e6c5d9a2,MUFORI,,,,,none,119000.00,2026-07-06 00:00:00+00:00,cmkpm6i0r080duapwyl5qgtyy,"Rfx:6000034024 Plumbing & Electrical Tools, Brooklyn",Gauteng,,40.20,Find contact,
dddfce9f-d9bb-4ce0-9339-47dde5417fa2,ADVANCE CALL,,,,,none,182436.00,2026-07-06 00:00:00+00:00,cmkazdrm3001il504skewp9ij,Fraud & Ethics Hotline Service – RAF Tender in Gauteng,Gauteng,Administrative and support activities,40.20,Find contact,
3072548d-c80b-4c71-9b45-c165e8839302,DSS FIRE SYSTEMS,,,,,none,17802.00,2026-07-03 00:00:00+00:00,cmkazdrm3001il504skewp9ij,"Maintenance, Service, and Repair of Fire Equipment, Fire Hose Reels, and PA Systems for the Road Accident Fund",Northern Cape,Other service activities,40.20,Find contact,
2abe97d3-cf76-457f-b4ad-1706247938f1,MAKHASTO PROJECTS,,,,,none,105250.00,2026-07-03 00:00:00+00:00,cmkpjkrvn061cuapwkd9vohy8,"MC Springs - Microwaves, Fridge bar, heaters and voice recorder",Gauteng,,40.20,Find contact,
bc2d5ba4-c22d-4927-b28e-a14b56e019fe,RHYCO RISK PROJECTS,,,,,none,420072.00,2026-07-03 00:00:00+00:00,cmkazdrm3001il504skewp9ij,"Security Systems Maintenance, Servicing and Repair Services for Road Accident Fund",Gauteng,Services: Functional (Including Cleaning and Security Services),40.20,Find contact,
21c5828a-8b27-48d3-a2d7-dc7f21cf2e76,BONAKUDE CONSULTING,,,,,none,326750.00,2026-07-03 00:00:00+00:00,cml93mtsm00apuaow3xr0ek2g,Professional Service: GRAP-Compliant Annual Financial Statements (2025/2026) Using CaseWare for uThukela Water,KwaZulu-Natal,"Financial service activities, except insurance and pension funding",40.20,Find contact,
08bb4ada-7f5c-474f-8e69-bf1bdd0e465c,COMMERCE EDGE SOUTH AFRICA,,,,,none,54280.00,2026-07-02 00:00:00+00:00,cmk2bmoq80039kz04jtp1s60i,Demand Planning Training – Professional Services Tender in Western Cape,Western Cape,Services: Professional,40.20,Find contact,
6703809d-d014-4588-b73b-441011e0e8ff,SPILL TECH,,,,,none,73634.40,2026-07-02 00:00:00+00:00,cmlnsfedl04z4la04z0ajwide,Rendering Service for cleaning of oil spill,Western Cape,,40.20,Find contact,
92a794d1-06f3-466d-9bc1-1e010a4f173d,LIKUTHI GROUP,,,,,none,195099.80,2026-07-02 00:00:00+00:00,cmkbrdmbq000kjs04q2pt5b7j,"Electrical Repairs Tender for S B Bourquin Building (Mayville) – Distribution Boards, Cables, Wiring & Light Fittings",KwaZulu-Natal,"Electricity, gas, steam and air conditioning",40.20,Find contact,
ffb19c66-c0c2-43ba-8d11-c2ce5a45f0a7,MAHIKA TECHNOLOGIES,,,,,none,217967.78,2026-07-02 00:00:00+00:00,cmkpjkrvn061cuapwkd9vohy8,MC Pretoria - Toners and Drums,Gauteng,,40.20,Find contact,
b3af68a2-5e7a-4e02-88ae-404b82aed9a5,Wanani Electrical,,,,,none,47184.50,2026-07-02 00:00:00+00:00,cmkbrjbmr00bajs04wc5h1geh,Emergency Procurement for Repair and Replacement of Burned Underground Electricity Cable and Supply and Replacement of Borehole Pump,Limpopo,,40.20,Find contact,
bd99f7cc-24be-402a-bed2-6654141a208a,BRUDO,,,,,none,135000.00,2026-07-01 00:00:00+00:00,cmkpm6i0r080duapwyl5qgtyy,Supply and Deliver VIP Toilets for Hire for 4 months,Limpopo,,40.20,Find contact,
e9e20dc7-59ba-4615-b73c-e0b4b8c968f7,FIDELITY ADT,,,,,none,122802.35,2026-07-01 00:00:00+00:00,cmkpf35ra02qmuapwn4pa4o44,"Supply, Installation, Monitoring and Armed Response of Alarm Systems and CCTV Camera Call Outs",Western Cape,,40.20,Find contact,
6cd2db43-8003-4e59-b128-fecb03de8bd7,EAGLE SECURITY SYSTEMS WESTERN CAPE,,,,,none,25865.00,2026-07-01 00:00:00+00:00,cmkpf35ra02qmuapwn4pa4o44,"Supply, Installation, Monitoring and Armed Response of Alarm Systems and CCTV Camera Call Outs",Western Cape,,40.20,Find contact,
84b01f68-3eb1-47e5-9dea-762f682a75f7,BRILLIANT LINK,,,,,none,132569.96,2026-07-01 00:00:00+00:00,cmkcvjyb2007ul5042425yr15,"The appointment of a service for maintenance , provision of SAGE 300 people over a period of 6 months.",Gauteng,,40.20,Find contact,
cdca797d-97ad-4e9b-b32d-618b89ca2886,SRE ENERGY MEASUREMENT SERVICES,,,,,none,349389.65,2026-06-30 00:00:00+00:00,cmk2bvd7u0024ju04i2r9iihr,"Provision of specialist meteorological mast inspection, structural assessment, maintenance recommendations, and safe-to-climb recertification services for the WASA meteorological mast network",Gauteng,,40.20,Find contact,
6f7a55f6-498a-4422-9c7e-21ece2cdedd4,MULTI-NET STELSELS,,,,,none,465189.26,2026-06-30 00:00:00+00:00,cmk2bvd7u0024ju04i2r9iihr,"Fire detection, alarm and gas suppression systems contract by six (6) months.",Gauteng,,40.20,Find contact,
f5062821-b8ac-477a-81ea-a47cd4788a41,EXPONANT,,,,,none,275866.60,2026-06-30 00:00:00+00:00,cmkdmvlai0056l804rwl4r1es,Deviation in Terms of Treasury Regulation 16a 6.4 to Appoint Exponant (PTY) LTD to Provide a Microsoft Licenses,National,,40.20,Find contact,
ef8ee0ff-c6ab-43eb-87bd-4f45f3ab464b,GUBEVU PROJECTS,,,,,none,139955.00,2026-06-30 00:00:00+00:00,cmkpm6i0r080duapwyl5qgtyy,Air Filters for Aircon,Gauteng,,40.20,Find contact,
0fa1911f-601d-4247-9701-5d633ee0454e,MANAGED INTEGRITY EVALUATION,,,,,none,3033.70,2026-06-30 00:00:00+00:00,cmkazdrm3001il504skewp9ij,"RAF Personal Verification Services Tender: Secure, POPIA-Compliant Provider Sought for 12-Month Contract",Gauteng,Services: Professional,40.20,Find contact,
35a5f1bb-ab57-41e0-b76f-60f0efa4e281,KNOWLEDGE MANAGEMENT SOUTH AFRICA,,,,,none,18700.00,2026-06-30 00:00:00+00:00,cmk8zvulf0008l104xihx55ic,Request for quotation for to attend the KMSA Imbizo conference 2026.,Gauteng,,40.20,Find contact,
e5b3f667-2276-4dcc-a087-b55e71770985,PM ACADEMY,,,,,none,92615.18,2026-06-30 00:00:00+00:00,cmkepm718008cju04jvc0artm,Online PMI Certification Training for 3 Participants,National,Education,40.20,Find contact,
cf679ec2-7ab9-4822-818f-9fcab72eec5e,LOLWETH'UTHANDO,,,,,none,164620.00,2026-06-30 00:00:00+00:00,cmkox5053003zii045l80v6nv,Event Promoter for Ingquza Hill Indigenous Horse Racing Festival at Mfinca Location,Eastern Cape,,40.20,Find contact,
68ed3a3a-4a5e-4752-9c5d-017e83886bb1,DECODE AGENCY,,,,,none,10350.00,2026-06-29 00:00:00+00:00,cmk8zvulf0008l104xihx55ic,Request for two (02) SIU members to attend a government social media summit 2026,Gauteng,,40.20,Find contact,
28ce90af-8f42-439f-ae92-57581f25b2e9,MAGALELANJOMANE,,,,,none,343500.00,2026-06-29 00:00:00+00:00,cmkbrdmbq000kjs04q2pt5b7j,Cleaning Services for Department of Public Works & Infrastructure - eThekwini District (12-Month Contract),KwaZulu-Natal,Services: Functional (Including Cleaning and Security Services),40.20,Find contact,
3dcacc95-ce1f-4f3f-b5d6-bfec2a113362,OZEL TRADING,,,,,none,264500.00,2026-06-29 00:00:00+00:00,cmkbrdmbq000kjs04q2pt5b7j,Lift Maintenance Services for KwaZulu-Natal Department of Transport - Durban Regional Office,KwaZulu-Natal,Services: General,40.20,Find contact,
d96ed026-aec2-4478-9dca-d02b6ae5ce48,INTELLIGENCE TRANSFER CENTRE,,,,,none,20697.70,2026-06-29 00:00:00+00:00,cmkbrhloa0083js04bfzzaxsv,RFQ095-2026 -POPIA & PAIA Train the Trainer,National,,40.20,Find contact,
f48396a0-9a96-4b9c-98b0-f958cafd66f0,COALITION ENERGY PROJECTS,,,,,none,94972.75,2026-06-29 00:00:00+00:00,cmkbrjbmr00bajs04wc5h1geh,"Motivation for the Approval of Service Providers for the Work and Payment Under the Provisions of Emergency Procurement for the Various Storm Damage to Infrastructure at the Kirstenbosch National Botanical Garden, Cape Town.",Western Cape,,40.20,Find contact,
71c05e00-d260-4512-986f-f7e57909f958,KUHLE KONKE PROJECTS JW,,,,,none,225000.00,2026-06-29 00:00:00+00:00,cmkpjkrvn061cuapwkd9vohy8,"MC Nigel - Office furniture, Microwaves, Step ladders, trolley, laminating machine and portable air conditioners",Gauteng,,40.20,Find contact,
a568b4f5-b0c0-4041-8a65-3e8847608bf1,HUMAN CAPITAL LIFE COACHING AND CONSULTING,,,,,none,200000.00,2026-06-26 00:00:00+00:00,cmlb03ayt00c7uasoziuzbzq0,Service Provider Needed for Partial Revision of Cape Winelands District Municipality Staff Establishment,Western Cape,Services: General,40.20,Find contact,
d5823f07-8b2f-43e2-afb9-93c491e86b46,SCIENTIFIC AND PRECISION SOLUTIONS,,,,,none,110400.00,2026-06-26 00:00:00+00:00,cmk2bvd7u0024ju04i2r9iihr,"Repairing for TG-DSC sample carrier system, without radiation shield, without sample crucibles, thermos-sensors type S, temperature range 25-1650°C",Gauteng,,40.20,Find contact,
d3a4bfec-cfd6-4b5f-a368-f0bd39b2d8e3,WASTE CARRIERS,,,,,none,13607.50,2026-06-26 00:00:00+00:00,cmkpkgs3806pjuapwzawc3k5u,Off-site Sludge Disposal Services for Stellenbosch Municipality,Western Cape,Services: Professional,40.20,Find contact,
1092b649-64d3-4640-bf16-432880529b44,RALAKE CONSTRUCTION AND SERVICES,,,,,none,17940.00,2026-06-26 00:00:00+00:00,cmkv34p2d002vlb042nei8ddf,Hiring a honey sucker truck to empty out faecal domestic sewage from the septic tanks,Eastern Cape,,40.20,Find contact,
3007bcda-cb8f-4b6f-9d90-37654dcb6921,HYDRAVEILS  PROJECTS,,,,,none,145902.00,2026-06-26 00:00:00+00:00,cmkpjkrvn061cuapwkd9vohy8,"Gauteng Provincial Office - high back chairs, boardroom table, desks cluster, fridges, kettles and speakers",Gauteng,,40.20,Find contact,
21389c53-6de7-45ab-b686-2fa557ef9175,IBC FORENSICS AND RECOVERY,,,,,none,400000.00,2026-06-25 00:00:00+00:00,cmkpgan1t03m2uapw5jzy3z6u,Variation Debtors Collection Support,Gauteng,,40.20,Find contact,
0f92b086-b1e9-42d9-85f5-d19dc7e13bd2,FLEXIS SOLUTIONS,,,,,none,244000.00,2026-06-25 00:00:00+00:00,cmk2boy0x0045kz04htp67ikl,"Service Provder to Edit, Update and Print Brochures and Maps of Kimberley",Northern Cape,,40.20,Find contact,
2e413408-2b44-4dec-a21d-358a85d7b696,PEWULLAS TRADING,,,,,none,32850.00,2026-06-25 00:00:00+00:00,cmkox5053003zii045l80v6nv,Hiring of 12 x 15-Seater Taxis for Mayoral Cup Tournament Transport Services,Eastern Cape,Services: General,40.20,Find contact,
6d0c40e4-f47f-4587-9f42-dd2b6894472b,BOSHCON SECURITY SERVICES,,,,,none,102456.74,2026-06-25 00:00:00+00:00,cmkpjkrvn061cuapwkd9vohy8,MC Meyerton - Day tp day maintenance,Gauteng,,40.20,Find contact,
9875e347-3169-4331-8380-84de945d1b2f,LEFIKA CONSUMABLES,,,,,none,110732.00,2026-06-25 00:00:00+00:00,cmkpjkrvn061cuapwkd9vohy8,"MC Kempton Park - High back chairs, Bar fridges, URN, Fridges and Water dispenser",Gauteng,,40.20,Find contact,
8a794961-f9aa-4915-95f9-ca9a7225291e,NOKA CONSULTANCY,,,,,none,115100.00,2026-06-25 00:00:00+00:00,cmkpjkrvn061cuapwkd9vohy8,"MC Sebokeng - Heaters, Air-conditioners, water dispensers, bar fridges and microwaves",Gauteng,,40.20,Find contact,
baf2abac-c605-4032-9e7d-da346f95e0d1,CAMPBELL SCIENTIFIC AFRICA,,,,,none,181205.89,2026-06-24 00:00:00+00:00,cmk2bvd7u0024ju04i2r9iihr,"The supply of replacement batteries, temperature sensors, humidity and temperature probes, barometric pressure sensors, radiation shields, and associated calibration services for existing Wind Atlas of South Africa (WASA) environmental monitoring systems.",Gauteng,,40.20,Find contact,
a415e3d1-5f8b-4b81-b990-4676877b77a5,ELEXSYS,,,,,none,64839.30,2026-06-24 00:00:00+00:00,cmk2bvd7u0024ju04i2r9iihr,EA-06-031CEA-350 and EA-06-062TV/TVA-350 strain gauges,Gauteng,,40.20,Find contact,
03e7a5d1-fd8d-4d3f-a0f5-12ae63a32ad3,CENTRE FOR CERTIFIED PROFESSIONAL QUALIFICATIONS,,,,,none,10350.00,2026-06-24 00:00:00+00:00,cmkepm718008cju04jvc0artm,Request for Quotation: Strategy Programme Training for One Person (3-Day Face-to-Face in Johannesburg + Online Follow-Up),Gauteng,Education,40.20,Find contact,
192f0ddf-f7c8-4c9b-b21e-49e92bc291c5,THABO JAN MOFOKENG,,,,,none,240000.00,2026-06-24 00:00:00+00:00,cmkpjkrvn061cuapwkd9vohy8,Procurement of 15 X 13kva Lithium Battery Mobile Trolley Inverters,Northern Cape,,40.20,Find contact,
518e498b-65bc-410d-a02e-b3023639ed1a,INFORMATION GENETICS,,,,,none,133259.30,2026-06-24 00:00:00+00:00,cmkepm718008cju04jvc0artm,Request for Quotation: Supply of 100 Hyland ShareBase Software Licences,National,Information and communication,40.20,Find contact,
4a9271d3-b819-4233-8b72-1522f1e960ff,KHAMPHA ATTORNEYS,,,,,none,167036.89,2026-06-24 00:00:00+00:00,cmkox7474007iii047cfxuior,Request for Allocation of Additional Funds for an Ongoing Matter,National,,40.20,Find contact,
3dc10215-7958-4239-8631-6fd486abb405,NYONYOBA COMMUNICATIONS,,,,,none,8166.12,2026-06-23 00:00:00+00:00,cmlnsbel600rxla04pc6lx215,Cleaning Material,Gauteng,,40.20,Find contact,
ee1da937-342c-4304-8933-16f37e27fcae,TMSOFT CONSTRUCTIONS,,,,,none,19711.85,2026-06-23 00:00:00+00:00,cmk2k1zpk000xky04zmhize11,Supply of SABS-Approved PPE and Safety Equipment with TCTA Branding for Trans-Caledon Tunnel Authority,Gauteng,Supplies: Clothing/Textiles/Footwear,40.20,Find contact,
2ac0908a-1e51-489c-a3ec-0486195af66b,SMSPORTAL,,,,,none,22425.00,2026-06-23 00:00:00+00:00,cmlnsdf0302b0la04nrnurn8k,Appointment of a service provider to supply AgriSETA with One Hundred and Fifty Thousand (150 000) Credits for SMS Depot Portal.,Gauteng,,40.20,Find contact,
4f3ccf63-87e3-4694-8351-1eb3f11dda3e,NOMALINGE TRADING 8785,,,,,none,33000.00,2026-06-23 00:00:00+00:00,cmkox5053003zii045l80v6nv,Catering Services for 300 Attendees at Mayoral Cup Final Event - Ingquza Hill Local Municipality,Eastern Cape,Supplies: General,40.20,Find contact,
e1f3ffe8-b45b-4180-8a14-10dba13a3c92,JOHAN BEHM MOTORS,,,,,none,3709.60,2026-06-22 00:00:00+00:00,cmk2bvd7u0024ju04i2r9iihr,120 000 km service of Chevrolet Utility vehicle,Western Cape,,40.20,Find contact,
b5377e73-873d-4433-9ed0-37a013c21931,TRINEXIA,,,,,none,240639.79,2026-06-22 00:00:00+00:00,cmk2bvd7u0024ju04i2r9iihr,"Detego Suite Ultimate - Field, MA, Covert, Fusion, Ballistic Imager, Detego MD (Powered by Hancom)& Analyse",Gauteng,,40.20,Find contact,
db896639-e93c-4e94-9c2f-a4418736662f,MACHAKA TRADING AND TECHNOLOGIES,,,,,none,119600.00,2026-06-22 00:00:00+00:00,cmkpjkrvn061cuapwkd9vohy8,MC Pretoria North - Toners and Drums,Gauteng,,40.20,Find contact,
40d342f1-66a1-4bd8-9702-4ef4071c9e2b,SABINET ONLINE,,,,,none,239279.99,2026-06-20 00:00:00+00:00,cmk2gu0ig001il104vhlww19x,Library Subscriptions,Gauteng,,40.20,Find contact,
0e0aee08-ee73-4305-a891-ee5ce749e21e,JUTA AND COMPANY,,,,,none,239306.95,2026-06-20 00:00:00+00:00,cmk2gu0ig001il104vhlww19x,Library Subscriptions,Gauteng,,40.20,Find contact,
f914702e-6f1e-47d6-bf8b-cdd3c1a0d017,CRS Reactor Engineering AB,,,,,none,155540.00,2026-06-19 00:00:00+00:00,cmk2bvd7u0024ju04i2r9iihr,"Replacement of faulty AX5000 servodrive, Upgrade of communication protocol to OPC/UA,Calibration of sensors and general maintenance of the RDH digester system.",Gauteng,,40.20,Find contact,
bb860bd7-4657-4a08-b3b5-f25614b2887a,ANATECH INSTRUMENTS,,,,,none,140783.21,2026-06-19 00:00:00+00:00,cmk2bvd7u0024ju04i2r9iihr,"HPIC autosampler repair, procurement and installation of a cooling fan and a fan with heat exchanger.",Gauteng,,40.20,Find contact,
e97433aa-1662-4600-9ea3-48f044593ba1,HA RE ETSE MOSADI TRADING,,,,,none,299900.00,2026-06-19 00:00:00+00:00,cmk2boy0x0045kz04htp67ikl,Branding and Promotional Items for Stop Gender Based Violence and Femicide 8gbvf),Northern Cape,,40.20,Find contact,
2c46cb54-4913-4799-8b07-6db31fb8dfb1,NEO TECHNOLOGIES,,,,,none,345482.80,2026-06-19 00:00:00+00:00,cmlnsdf0302b0la04nrnurn8k,Appointment of a service provider for the renewal of Microsoft 365 A5 annual licenses for 160 users,Gauteng,,40.20,Find contact,
8940e661-3c40-4954-94f9-bc9936efd6db,LIWANA CONSUMABLES,,,,,none,105219.00,2026-06-19 00:00:00+00:00,cmkpjkrvn061cuapwkd9vohy8,"MC Heidelberg - Microwaves, fridge, heaters, laptop bags, cabinets, high back chairs, emergency stretcher, fit aid kits, reflective jackets and sound horn",Gauteng,,40.20,Find contact,
d8d145ae-9b53-48f8-bb43-0b5e68935367,TOUCH BLONGATER TRADING AND PROJECTS,,,,,none,187210.00,2026-06-19 00:00:00+00:00,cmkpjkrvn061cuapwkd9vohy8,MC Palm Ridge - Toners and Drums,Gauteng,,40.20,Find contact,
ef28a86b-5808-465e-9ae3-12ff39749cf9,NEW LEAF  ON LIFE FOR MO V MO,,,,,none,159762.00,2026-06-19 00:00:00+00:00,cmkpjkrvn061cuapwkd9vohy8,"MC Moretele - Printers, Laptops, Handheld scanner, headsets and DVD disks",Gauteng,,40.20,Find contact,
55950852-f195-4422-bbfb-930de7c361cb,RABOW TRADING AND PROJECTS,,,,,none,145000.00,2026-06-19 00:00:00+00:00,cmkpjkrvn061cuapwkd9vohy8,State Attorney JHB - High Back Chairs,Gauteng,,40.20,Find contact,
432aeeaf-9d03-4061-8481-01794c46f2c9,LOTUSVILLE TRADING PROJECTS,,,,,none,240300.00,2026-06-19 00:00:00+00:00,cmkpjkrvn061cuapwkd9vohy8,"MC Brakpan - Workstation, 1seater couches, benches, high back chairs, desks, bookcase units, heaters, step ladders, microwaves and bar fridge",Gauteng,,40.20,Find contact,
10ce4746-fc17-4c24-b131-9c4be28a3644,BLUE CRANE GLOBAL,,,,,none,127922.00,2026-06-19 00:00:00+00:00,cmkpjkrvn061cuapwkd9vohy8,"MC Tsakane - High back Chairs, Visitor Chairs, Microwave, Cabinet, fridge, Reflective jackets, loud Hailer, step ladder and trolley",Gauteng,,40.20,Find contact,
cc405224-12f9-4ae8-b2d1-02765c591141,IYANA OFFICE SUPPLIES,,,,,none,158000.00,2026-06-19 00:00:00+00:00,cmkpjkrvn061cuapwkd9vohy8,MC Tsakane - Day to day maintenance,Gauteng,,40.20,Find contact,
edde3743-e7a6-4caa-9157-b90f634a0e84,ABATHANDWA BUSINESS SOLUTIONS,,,,,none,236400.00,2026-06-19 00:00:00+00:00,cmkpjkrvn061cuapwkd9vohy8,"MC Tembisa - Wall units, desks, workstation, High back chair and Typist Draughtsman's",Gauteng,,40.20,Find contact,
395cfe0b-cf1e-4383-8459-2d9f9280ff29,MFAKANJABULO,,,,,none,5000.00,2026-06-19 00:00:00+00:00,cmlnsdf0302b0la04nrnurn8k,The Appointment of a service provider for the provision of plumbing services for AgriSETA blocked female toilets and fix the leak at 4th floor.,Gauteng,,40.20,Find contact,
cd0da83c-5ad1-4a25-80b9-0c139171e0b6,RAMATINI SERVICE AGENTS,,,,,none,29000.10,2026-06-19 00:00:00+00:00,cmkv34p2d002vlb042nei8ddf,Hiring of Honey sucker truck to empty out sewage from septic tank,Eastern Cape,,40.20,Find contact,
a6368f07-9fac-4fd2-923c-87f77dfa21ec,3D Lab Sp. z o.o.,,,,,none,132242.66,2026-06-18 00:00:00+00:00,cmk2bvd7u0024ju04i2r9iihr,Spare parts and consumables for the ATO atomizer,Gauteng,,40.20,Find contact,
fca3a765-6799-4bc5-b888-eeb65a8e7034,UBUNTU TECHNOLOGY,,,,,none,105996.65,2026-06-18 00:00:00+00:00,cmlnsdf0302b0la04nrnurn8k,Provision of veeam backup and replication annual license renewal for 20 instances for a period of twelve (12) months and procurement of veeam backup for microsoft 365 license for 160 users,Gauteng,,40.20,Find contact,
861c3601-d4ef-49d3-b618-23ff3f460bc4,THE CLOUDI CONSULTING,,,,,none,0.00,2026-07-11 00:00:00+00:00,cmkpfvy9t03bhuapw05hsrpcp,"Appointment of a Panel of Service Providers for the Supply, Repairs and Fitment of New Tyres and Wheel Puncture of Municipal Fleet and Equipment for Thembisile Hani Local Municipality for a Period of 36 Months.",Mpumalanga,,38.20,Find contact,
f3020d40-6dbe-45ed-9ff7-46c6f4b39659,VOX TELECOMMUNICATIONS,,,,,none,408326.14,2026-06-24 00:00:00+00:00,cmk2bvd7u0024ju04i2r9iihr,Low Earth Orbit Satellite Terminal,Gauteng,,35.20,Find contact,
acc659d9-9ad5-48b4-9ea2-f04479645986,SHIMADZU SOUTH AFRICA,,,,,none,42921.60,2026-06-17 00:00:00+00:00,cmk2bvd7u0024ju04i2r9iihr,Pyrolyzer repairs - Furnace,KwaZulu-Natal,,34.20,Find contact,
9c1fc518-ee2a-42da-88a2-59928e9e46b7,JENESIS TRADING,,,,,none,116226.00,2026-06-17 00:00:00+00:00,cmk1i2axw001jjp0482lks49w,Supply and Delivery of Stationery to SADPMR Offices in Kempton Park,Gauteng,Supplies: Stationery/Printing,34.20,Find contact,
72fc8f73-1ef1-4966-8de4-b09b186e8ec4,BOLD SOLUTIONS UNLIMITED,,,,,none,8482.48,2026-06-17 00:00:00+00:00,cmkepm718008cju04jvc0artm,Request for Quotation: Supply of Special Chemicals for Technology Innovation Agency,KwaZulu-Natal,Manufacture of chemicals and chemical products,34.20,Find contact,
886a1284-94f5-4373-9a45-730689612fca,NOLIFAM,,,,,none,308512.00,2026-06-17 00:00:00+00:00,cmlnscqsc01v7la04fy4ruvpr,District Situational Analysis for Ingonyama Trust Investment Summit - Service Provider Appointment,KwaZulu-Natal,Activities of head offices; management consultancy activities,34.20,Find contact,
5e501037-b83e-4d68-a5bc-124db2877204,ABSOLUTE INTELLIGENCE GROUP,,,,,none,125275.00,2026-06-17 00:00:00+00:00,cmkpjkrvn061cuapwkd9vohy8,Procurement of Toners and Drums,Northern Cape,,34.20,Find contact,
5f7d5873-bcc6-41d8-95ca-506aad1a5d1a,BIDVEST SERVICES,,,,,none,13294.00,2026-06-17 00:00:00+00:00,cmjm7ur8d00jhji0425h46zrw,Request for Quotation: Pest Control and Fumigation Services for PRASA Stations in Eastern Cape Region,Limpopo,Services: General,34.20,Find contact,
5e8354f0-09dd-4da0-941a-c1a23368ea48,UNITED SCIENTIFIC SA,,,,,none,18954.30,2026-06-17 00:00:00+00:00,cmkepm718008cju04jvc0artm,Supply of Solvents for Technology Innovation Agency (KwaZulu-Natal),KwaZulu-Natal,Manufacture of chemicals and chemical products,34.20,Find contact,
7ccf5ddc-0385-4fa5-a8de-e5ea4da7c842,JOAT SALES AND SERVICES,,,,,none,2400000.00,2026-02-15 13:41:15.583000+00:00,cmk2blrn7002hkz04au6wg77k,Supply and Delivery of Various Water Fittings,Western Cape,,33.20,Find contact,
d2ad6ed3-6bf9-4c3d-bd39-7d1ecf587aae,SUSANI TEAYA PROJECTS,,,,,none,,2026-07-08 00:00:00+00:00,cmk2jwyad003vky04bgxp80pv,"Design, Supply, Installation & Maintenance of Lifts and Escalators at Carlton Centre",Northern Cape,Other service activities,32.20,Find contact,
d2d68849-b1ac-4bbd-97eb-a5abc1040262,B SHODDY WASTE MANAGEMENT,,,,,none,15630450.15,2026-07-03 00:00:00+00:00,cmk2an44w002tl204yokgunor,"Landfill Site Management, Operations and Maintenance Contract (Roosenekal)",Mpumalanga,Administrative and support activities,32.20,Find contact,
5de0b637-2947-465e-ab2a-0d8722545804,MASHUMI CONSTRUCTION SUPPLY AND PROJECTS,,,,,none,15630450.15,2026-07-03 00:00:00+00:00,cmk2an44w002tl204yokgunor,"Landfill Site Management, Operations and Maintenance Contract (Roosenekal)",Mpumalanga,Administrative and support activities,32.20,Find contact,
d107734f-b78f-4b4f-8092-62bc84a46fcf,RHEOCHEM,,,,,none,15494921.00,2026-06-26 00:00:00+00:00,cmkw9uod800ueual4e7okp8yr,"Supply, delivery and offloading of polymeric coagulants for Vaalkop, Wallmansthal, Cullinan and Klipdrift Water Treatment Plants",North West,,32.20,Find contact,
757c3086-af56-452e-9e5e-9f6a77a3e2e2,FRANSCHHOEK WINE VALLEY TOURIST ASSOCIATION,,,,,none,,2026-06-25 00:00:00+00:00,cmkpkgs3806pjuapwzawc3k5u,Tourism Functions,Western Cape,,32.20,Find contact,
66fe9d6e-f0b4-4621-8389-957c5e2ef589,VISIT STELLENBOSCH,,,,,none,,2026-06-25 00:00:00+00:00,cmkpkgs3806pjuapwzawc3k5u,Tourism Functions,Western Cape,,32.20,Find contact,
0f883b25-6c05-401e-85c6-6600793394bf,ROCLA,,,,,none,12000000.00,2026-02-15 13:54:43.790000+00:00,cmkppafos0akduapw1e4snjn7,"Store Stock: Supply and Delivery of Concrete Products as and when required, from date of appointment until 30 June 2027.",Western Cape,,28.20,Find contact,
19e1c401-218c-41ab-aaa5-4fa7620a9d3f,PJ SECHEEPERS ENTERPRISES,,,,,none,12000000.00,2026-02-15 13:54:43.667000+00:00,cmkppafos0akduapw1e4snjn7,"Store Stock: Supply and Delivery of Consumables and Auxiliary Products as and when required, from date of appointment until 30 June 2027.",Western Cape,,28.20,Find contact,
2e2d39c3-a2b4-4d16-8463-bde30848a93d,MDIBI TOURS LOGISTICS AND PROJECTS,,,,,none,12000000.00,2026-02-15 13:54:43.657000+00:00,cmkppafos0akduapw1e4snjn7,"Store Stock: Supply and Delivery of Consumables and Auxiliary Products as and when required, from date of appointment until 30 June 2027.",Western Cape,,28.20,Find contact,
66e73f96-a65f-4097-9b09-b0d74bba40a8,MACSTEEL EXPRESS MOSSEL BAY,,,,,none,12000000.00,2026-02-15 13:54:43.646000+00:00,cmkppafos0akduapw1e4snjn7,"Store Stock: Supply and Delivery of Consumables and Auxiliary Products as and when required, from date of appointment until 30 June 2027.",Western Cape,,28.20,Find contact,
6c406a9f-4080-4c72-b04f-9bce37cef60f,KING PIN SUPPLIERS,,,,,none,12000000.00,2026-02-15 13:54:43.635000+00:00,cmkppafos0akduapw1e4snjn7,"Store Stock: Supply and Delivery of Consumables and Auxiliary Products as and when required, from date of appointment until 30 June 2027.",Western Cape,,28.20,Find contact,
e9c221af-aedf-4271-8f43-334fa1439f48,SAKH'IKHAYA SUPPLIERS,,,,,none,12096498.37,2026-02-15 13:38:42.848000+00:00,cmkh32lhp002zjj045f2q6s4g,"Term Tender for Manufacture, Supply and Delivery of Prefabricated Concrete Plinths/bases for Equipment for Energy Directorate Contract Period: [36] Months from the Commencement Date of the Contract",Western Cape,,28.20,Find contact,
1cb9bdff-2a22-4a09-8835-6af7a17e0d5f,BLACK WOMAN ARISE WOMENS HEALTH,,,,,none,350.00,2026-02-18 01:30:36.202000+00:00,cmlkchtpe001sju04irup6vxs,Request for Expression of Interest by the Potential Service Providers to Access Vaccines from the Free State Department of Health,Free State,,26.20,Find contact,
b3a45fe4-c840-4446-b900-558ab4e8e3c3,PALEO GENERAL TRADING,,,,,none,350.00,2026-02-18 01:30:36.188000+00:00,cmlkchtpe001sju04irup6vxs,Request for Expression of Interest by the Potential Service Providers to Access Vaccines from the Free State Department of Health,Free State,,26.20,Find contact,
6d3d5e12-c5af-408d-9c24-69595e4bfa2a,KLINICHEM,,,,,none,220.00,2026-02-18 01:30:36.175000+00:00,cmlkchtpe001sju04irup6vxs,Request for Expression of Interest by the Potential Service Providers to Access Vaccines from the Free State Department of Health,Free State,,26.20,Find contact,
4c191816-3af9-4472-bc7f-341d5bc99102,HOEK APTEEK BETHLEHEM,,,,,none,180.00,2026-02-18 01:30:36.163000+00:00,cmlkchtpe001sju04irup6vxs,Request for Expression of Interest by the Potential Service Providers to Access Vaccines from the Free State Department of Health,Free State,,26.20,Find contact,
363cd522-f561-46b2-a197-06ead60ffa72,MIMIS AND MOMS WELLNESS CLINIC,,,,,none,300.00,2026-02-18 01:30:36.149000+00:00,cmlkchtpe001sju04irup6vxs,Request for Expression of Interest by the Potential Service Providers to Access Vaccines from the Free State Department of Health,Free State,,26.20,Find contact,
78f70d71-c60f-4ed9-afde-ab82e7a8a469,KHUSIS WELLNESS CENTRE,,,,,none,280.00,2026-02-18 01:30:36.137000+00:00,cmlkchtpe001sju04irup6vxs,Request for Expression of Interest by the Potential Service Providers to Access Vaccines from the Free State Department of Health,Free State,,26.20,Find contact,
8063b300-f16e-4dab-98fd-e51c932344e3,KLINICARE HEUWELSIG,,,,,none,150.00,2026-02-18 01:30:36.123000+00:00,cmlkchtpe001sju04irup6vxs,Request for Expression of Interest by the Potential Service Providers to Access Vaccines from the Free State Department of Health,Free State,,26.20,Find contact,
d5444d5e-a3ec-4b0d-ae3e-a054135ac2b0,MALUTI PAEDIATRIC PRACTICE,,,,,none,300.00,2026-02-18 01:30:36.112000+00:00,cmlkchtpe001sju04irup6vxs,Request for Expression of Interest by the Potential Service Providers to Access Vaccines from the Free State Department of Health,Free State,,26.20,Find contact,
c239d96f-8536-4725-8067-662a2093e120,PAULINAS PRIMARY HEALTH CARE CENTRE,,,,,none,300.00,2026-02-18 01:30:36.098000+00:00,cmlkchtpe001sju04irup6vxs,Request for Expression of Interest by the Potential Service Providers to Access Vaccines from the Free State Department of Health,Free State,,26.20,Find contact,
fa7cdb2b-2a59-4cdb-8f01-a271c0e8c842,RAKOMA AND ASSOCIATES,,,,,none,4360.00,2026-02-15 13:54:02.194000+00:00,cmk2kr6mw0035l804m3dokzm8,The Appointment of a Panel of Internal Audit Service Providers in a Co- Sourced Capacity at the National Lotteries Commission for a Period of Three Years,Gauteng,,26.20,Find contact,
b0d1d2b4-b416-413f-9ba4-90dca570e49d,SIZWENTSALUBAGOBODO GRANT THORNTON ADVISORY SERVICES,,,,,none,4350.00,2026-02-15 13:54:02.184000+00:00,cmk2kr6mw0035l804m3dokzm8,The Appointment of a Panel of Internal Audit Service Providers in a Co- Sourced Capacity at the National Lotteries Commission for a Period of Three Years,Gauteng,,26.20,Find contact,
fbbc2869-fa75-4c81-83fc-bb7565c0359e,R KALIDASS AND ASSOCIATES,,,,,none,5631.81,2026-02-15 13:54:02.165000+00:00,cmk2kr6mw0035l804m3dokzm8,The Appointment of a Panel of Internal Audit Service Providers in a Co- Sourced Capacity at the National Lotteries Commission for a Period of Three Years,Gauteng,,26.20,Find contact,
b20bb096-a1c5-4f0d-aa72-946c8d4db69e,INQABA KADIYA CONSULTING,,,,,none,2711.15,2026-02-15 13:54:02.156000+00:00,cmk2kr6mw0035l804m3dokzm8,The Appointment of a Panel of Internal Audit Service Providers in a Co- Sourced Capacity at the National Lotteries Commission for a Period of Three Years,Gauteng,,26.20,Find contact,
301e984b-052c-4675-b317-87cb844f2524,G M SOLUTIONS,,,,,none,5544.25,2026-02-15 13:54:02.146000+00:00,cmk2kr6mw0035l804m3dokzm8,The Appointment of a Panel of Internal Audit Service Providers in a Co- Sourced Capacity at the National Lotteries Commission for a Period of Three Years,Gauteng,,26.20,Find contact,
fca81e65-5f61-4382-b442-78eb75ca6f93,VEZI EN DE BEER,,,,,none,0.01,2026-02-15 13:40:47.448000+00:00,cmlnsc4fk015wla043g25uflk,Panel of Firms: Legal Services,Gauteng,,26.20,Find contact,
8266af64-bd0a-48a2-80f4-0e4e27ee4dd3,Lancaster Kungoane Attorneys,,,,,none,0.01,2026-02-15 13:40:47.438000+00:00,cmlnsc4fk015wla043g25uflk,Panel of Firms: Legal Services,Gauteng,,26.20,Find contact,
8a963acc-8fcc-44be-9ae5-d07fbdef2ac0,GRAHAM MOGAU TJIANE ATTORNEYS,,,,,none,0.01,2026-02-15 13:40:47.426000+00:00,cmlnsc4fk015wla043g25uflk,Panel of Firms: Legal Services,Gauteng,,26.20,Find contact,
5d96bdf4-a379-4b3d-90c2-4bc5c1fec070,NGENO AND MTETO,,,,,none,0.01,2026-02-15 13:40:47.414000+00:00,cmlnsc4fk015wla043g25uflk,Panel of Firms: Legal Services,Gauteng,,26.20,Find contact,
4db87722-1fa1-4171-863c-a5124f115b50,GB,,,,,none,0.01,2026-02-15 13:40:47.404000+00:00,cmlnsc4fk015wla043g25uflk,Panel of Firms: Legal Services,Gauteng,,26.20,Find contact,
c5da2d77-46c7-436e-99d9-ff882ec75d35,TALENI GODI KUPISO,,,,,none,0.01,2026-02-15 13:40:47.390000+00:00,cmlnsc4fk015wla043g25uflk,Panel of Firms: Legal Services,Gauteng,,26.20,Find contact,
ae82b0cb-ebec-495f-a78c-5dd79a154a40,SOLOMONHOLMES ATTORNEYS,,,,,none,0.01,2026-02-15 13:40:47.379000+00:00,cmlnsc4fk015wla043g25uflk,Panel of Firms: Legal Services,Gauteng,,26.20,Find contact,
50b15171-0022-4939-ad64-3e0ad1814ac5,C DE VILLIERS ATTORNEYS,,,,,none,0.01,2026-02-15 13:40:47.368000+00:00,cmlnsc4fk015wla043g25uflk,Panel of Firms: Legal Services,Gauteng,,26.20,Find contact,
d9c63b88-f604-449b-b1fe-45b77c04c47e,KLM MAJA,,,,,none,0.01,2026-02-15 13:40:47.357000+00:00,cmlnsc4fk015wla043g25uflk,Panel of Firms: Legal Services,Gauteng,,26.20,Find contact,
3efa2147-9889-48d2-a751-7a0543b12fe5,RACHOENE ATTORNEYS,,,,,none,0.01,2026-02-15 13:40:47.347000+00:00,cmlnsc4fk015wla043g25uflk,Panel of Firms: Legal Services,Gauteng,,26.20,Find contact,
01f46e69-d1d8-4ae7-a5d5-2bcbe3e0ab40,NORTON ROSE FULBRIGHT SOUTH AFRICA,,,,,none,0.01,2026-02-15 13:40:47.335000+00:00,cmlnsc4fk015wla043g25uflk,Panel of Firms: Legal Services,Gauteng,,26.20,Find contact,
5d95fbb8-6bfc-49c0-9af3-764a6364c418,ZUMA AND PARTNERS,,,,,none,0.01,2026-02-15 13:40:47.325000+00:00,cmlnsc4fk015wla043g25uflk,Panel of Firms: Legal Services,Gauteng,,26.20,Find contact,d9a92456-115f-456b-b1f2-8e8bf11827e9
8f759158-61d9-47c9-9b5f-f0578609d7f5,CHEADLE THOMPSON AND HAYSOM,,,,,none,0.01,2026-02-15 13:40:47.315000+00:00,cmlnsc4fk015wla043g25uflk,Panel of Firms: Legal Services,Gauteng,,26.20,Find contact,
b66bddf9-2d3c-41dc-a7a7-124bdbd77f12,WERKSMANS,,,,,none,0.01,2026-02-15 13:40:47.305000+00:00,cmlnsc4fk015wla043g25uflk,Panel of Firms: Legal Services,Gauteng,,26.20,Find contact,
3f823923-8469-4de7-8c60-d3c482a41f0e,KA MBONANE COOPER,,,,,none,0.01,2026-02-15 13:40:47.295000+00:00,cmlnsc4fk015wla043g25uflk,Panel of Firms: Legal Services,Gauteng,,26.20,Find contact,
42caae6d-4ebb-4d13-ba1e-6387838360e7,BOWMAN GILFILLAN,,,,,none,0.01,2026-02-15 13:40:47.285000+00:00,cmlnsc4fk015wla043g25uflk,Panel of Firms: Legal Services,Gauteng,,26.20,Find contact,
93270ab9-6a23-46ba-b82b-65068c86b151,NDZIANE,,,,,none,0.01,2026-02-15 13:40:47.275000+00:00,cmlnsc4fk015wla043g25uflk,Panel of Firms: Legal Services,Gauteng,,26.20,Find contact,
44c2f974-7c7c-44f3-87ac-91e68d92b3bf,MOTHLE JOOMA SABDIA,,,,,none,0.01,2026-02-15 13:40:47.265000+00:00,cmlnsc4fk015wla043g25uflk,Panel of Firms: Legal Services,Gauteng,,26.20,Find contact,
857c54a1-a274-4df3-ba71-defb0c02d96b,GWINA  ATTORNEYS,,,,,none,0.01,2026-02-15 13:40:47.255000+00:00,cmlnsc4fk015wla043g25uflk,Panel of Firms: Legal Services,Gauteng,,26.20,Find contact,
e25a061a-68e9-4e63-b6a0-2128ece05a99,PRINCE MUDAU AND ASSOCIATES,,,,,none,0.01,2026-02-15 13:40:47.245000+00:00,cmlnsc4fk015wla043g25uflk,Panel of Firms: Legal Services,Gauteng,,26.20,Find contact,
fcea3653-798e-4b42-8cb4-22332b99b854,PHUKUBJE PIERCE MASITHELA ATTORNEYS,,,,,none,0.01,2026-02-15 13:40:47.235000+00:00,cmlnsc4fk015wla043g25uflk,Panel of Firms: Legal Services,Gauteng,,26.20,Find contact,
fbfff390-0b4d-409a-bbba-f82bd5aa8ebb,MAPHOSA ATTORNEYS,,,,,none,0.01,2026-02-15 13:40:47.224000+00:00,cmlnsc4fk015wla043g25uflk,Panel of Firms: Legal Services,Gauteng,,26.20,Find contact,
3a9217f2-a1d5-4bad-a148-955e9c79dfe1,RAMBEVHA MOROBANE,,,,,none,0.01,2026-02-15 13:40:47.213000+00:00,cmlnsc4fk015wla043g25uflk,Panel of Firms: Legal Services,Gauteng,,26.20,Find contact,
4f6395d0-66a4-4670-ad77-1bde0b9afee0,NCHUPETSANG,,,,,none,0.01,2026-02-15 13:40:47.203000+00:00,cmlnsc4fk015wla043g25uflk,Panel of Firms: Legal Services,Gauteng,,26.20,Find contact,
90fc80d7-9821-4a2c-8670-33e73e92d4a6,LOUIS GEORGE VERVEEN,,,,,none,0.01,2026-02-15 13:40:47.193000+00:00,cmlnsc4fk015wla043g25uflk,Panel of Firms: Legal Services,Gauteng,,26.20,Find contact,
50925092-5a1d-4bb9-b6e7-f538fe7ec55e,MNCEDISI NDLOVU AND SEDUMEDI,,,,,none,0.01,2026-02-15 13:40:47.180000+00:00,cmlnsc4fk015wla043g25uflk,Panel of Firms: Legal Services,Gauteng,,26.20,Find contact,
9f3ebe75-7dc7-4495-b017-cb21ec546d3c,SIBANDA BUKHOSI ATTORNEYS,,,,,none,0.01,2026-02-15 13:40:47.168000+00:00,cmlnsc4fk015wla043g25uflk,Panel of Firms: Legal Services,Gauteng,,26.20,Find contact,
5beca9d6-2dcf-4e70-b93e-2152b028b92b,MAENETJA ATTORNEYS,,,,,none,0.01,2026-02-15 13:40:47.157000+00:00,cmlnsc4fk015wla043g25uflk,Panel of Firms: Legal Services,Gauteng,,26.20,Find contact,
beee9f26-e3c7-4fdf-8fa0-ee9a67dda1f0,MOYANA BARRY,,,,,none,0.01,2026-02-15 13:40:47.147000+00:00,cmlnsc4fk015wla043g25uflk,Panel of Firms: Legal Services,Gauteng,,26.20,Find contact,
65dbb90f-9ceb-4d57-86e6-db8100500830,MASHIANE MOODLEY AND MONAMA,,,,,none,0.01,2026-02-15 13:40:47.136000+00:00,cmlnsc4fk015wla043g25uflk,Panel of Firms: Legal Services,Gauteng,,26.20,Find contact,
fe467692-14c2-4bbf-b90d-13e9efa3030f,EDWARD SITHOLE AND ASSOCIATES,,,,,none,0.01,2026-02-15 13:40:47.126000+00:00,cmlnsc4fk015wla043g25uflk,Panel of Firms: Legal Services,Gauteng,,26.20,Find contact,
9300f777-5b10-4ac7-9414-945efc8fc3f0,MOTSOENENG BILL,,,,,none,0.01,2026-02-15 13:40:47.116000+00:00,cmlnsc4fk015wla043g25uflk,Panel of Firms: Legal Services,Gauteng,,26.20,Find contact,
01142c54-f19e-431e-a2ee-8d2dcdcf58e9,HM CHAANE ATTORNEYS,,,,,none,0.01,2026-02-15 13:40:47.104000+00:00,cmlnsc4fk015wla043g25uflk,Panel of Firms: Legal Services,Gauteng,,26.20,Find contact,
14e9d434-5ba1-42c0-b513-8bd23156e17d,MACROBERT,,,,,none,0.01,2026-02-15 13:40:47.093000+00:00,cmlnsc4fk015wla043g25uflk,Panel of Firms: Legal Services,Gauteng,,26.20,Find contact,
2fa3923e-9a8a-409a-aad9-7b4c303a00de,JAY MOTHOBI,,,,,none,0.01,2026-02-15 13:40:47.082000+00:00,cmlnsc4fk015wla043g25uflk,Panel of Firms: Legal Services,Gauteng,,26.20,Find contact,
fe0529e5-2902-4575-9d32-c58a7823dc8f,MATHOPO MOSHIMANE MULANGAPHUMA,,,,,none,0.01,2026-02-15 13:40:47.072000+00:00,cmlnsc4fk015wla043g25uflk,Panel of Firms: Legal Services,Gauteng,,26.20,Find contact,
73fef360-0734-4d9f-b122-fe294b7676b3,SEBELETSA OPERATIONS,,,,,none,352800.00,2026-02-15 13:40:02.015000+00:00,cmk1zf3y1003fl704nun6yxgf,"The Supply, Delivery and Installation of Various Kitchen Equipment for Macadamia, Zonstraal and Sandriver Operational Bases in Mpumalanga Proc Plan/ 24-25 Jops/2116",Western Cape,,26.20,Find contact,
52f940d2-f899-440e-bd31-0d4c14fb1dbc,ITAGE GROUP,,,,,none,470400.00,2026-02-15 13:40:02.007000+00:00,cmk1zf3y1003fl704nun6yxgf,"The Supply, Delivery and Installation of Various Kitchen Equipment for Macadamia, Zonstraal and Sandriver Operational Bases in Mpumalanga Proc Plan/ 24-25 Jops/2116",Western Cape,,26.20,Find contact,
53dd0d88-4899-4a90-a9c0-f267782d6d7f,MENZWORTH,,,,,none,180000.00,2026-02-15 13:40:01.998000+00:00,cmk1zf3y1003fl704nun6yxgf,"The Supply, Delivery and Installation of Various Kitchen Equipment for Macadamia, Zonstraal and Sandriver Operational Bases in Mpumalanga Proc Plan/ 24-25 Jops/2116",Western Cape,,26.20,Find contact,
498b4f53-55a7-48a1-aedc-8a75e2be13f2,CHULUMANCO LILITHA,,,,,none,59850765.00,2026-07-07 00:00:00+00:00,cmk2bzqjd001aju04sh3c4bfj,All-Inclusive Event Management Services for SADC 2026 Summit in KwaZulu-Natal,Gauteng,Advertising and market research,25.20,Find contact,
3304c5d0-c8d7-4002-a191-d6f5a25a5d2b,KGWADI YA MADIBA GENERAL TRADING AND PROJECTS,,,,,none,29769952.50,2026-07-03 00:00:00+00:00,cmk2an44w002tl204yokgunor,Management & Maintenance of Groblersdal Landfill Site – Mpumalanga Tender (RFB),Mpumalanga,Administrative and support activities,25.20,Find contact,
e3f216f3-24eb-4f57-8933-a201f5457ede,BLUE DOT PROPERTIES 78,,,,,none,30462014.13,2026-06-25 00:00:00+00:00,cmkpm6i0r080duapwyl5qgtyy,"Lease between SARS and Blue Dot Properties Pty (Ltd) for Komongwe Mmabatho Branch Office for a period of five (5) years, effective from 1 October 2026 to 30 September 2031 with an early exit clause.",North West,,25.20,Find contact,
b1fa628a-8cfd-40df-b31c-c601f702cf1b,IOCO Infrastructure Services,,,,,none,0.00,2026-02-15 13:37:40.326000+00:00,cmk2gu63q001ll104pj0dgvtd,"Border Management Authority (Bma) Invites All Interested Parties to Respond to the Request for Expression of Interest to Be Appointed on a Panel for the Supply and Installation of a Comprehensive Network Connectivity Solution Comprising of Telephony, Wireless Lan, Wan, and Sd-wan Services in Ports of Entry for a Period of 48 Months",Gauteng,,25.20,Find contact,
502996cb-3144-4a06-8c57-cbc3a733c88f,Y N F ENGINEERING,,,,,none,99360809.20,2026-06-17 00:00:00+00:00,cmkpp7h4p0ah1uapwocifn4kx,The Construction of the Umfolozi 400kv Feeder Bay 7 And Associated Work.,Gauteng,,19.20,Find contact,
9b095983-6d29-465b-aa7b-f28ee7813216,PNB CIVILS AND SAFETY,,,,,none,12000000.00,2026-02-15 13:54:43.781000+00:00,cmkppafos0akduapw1e4snjn7,"Store Stock: Supply and Delivery of Concrete Products as and when required, from date of appointment until 30 June 2027.",Western Cape,,18.20,Find contact,
1b86869c-08cf-4acd-b940-9ea0686a906f,PNB CIVILS AND SAFETY,,,,,none,12000000.00,2026-02-15 13:54:43.678000+00:00,cmkppafos0akduapw1e4snjn7,"Store Stock: Supply and Delivery of Consumables and Auxiliary Products as and when required, from date of appointment until 30 June 2027.",Western Cape,,18.20,Find contact,
bcae5047-f6f1-4d29-9e24-91a38f2dc9a0,MMM ADVISORY SERVICES,,,,,none,0.00,2026-02-15 13:54:02.204000+00:00,cmk2kr6mw0035l804m3dokzm8,The Appointment of a Panel of Internal Audit Service Providers in a Co- Sourced Capacity at the National Lotteries Commission for a Period of Three Years,Gauteng,,18.20,Find contact,
5acccfa1-7d7d-44c6-b71d-4e99218f57da,SAB AND T CHARTERED ACCOUNTANTS,,,,,none,0.00,2026-02-15 13:54:02.175000+00:00,cmk2kr6mw0035l804m3dokzm8,The Appointment of a Panel of Internal Audit Service Providers in a Co- Sourced Capacity at the National Lotteries Commission for a Period of Three Years,Gauteng,,18.20,Find contact,
04a33009-efff-4c95-b4ed-69f7b02787a0,MASAKHANE AUDITORS AND ACCOUNTANTS,,,,,none,0.00,2026-02-15 13:54:02.137000+00:00,cmk2kr6mw0035l804m3dokzm8,The Appointment of a Panel of Internal Audit Service Providers in a Co- Sourced Capacity at the National Lotteries Commission for a Period of Three Years,Gauteng,,18.20,Find contact,
919ecb36-89b7-4bd7-92bd-84f749e897dc,TM AFRICA ENGINEERING SERVICES,,,,,none,0.00,2026-02-15 13:53:44.063000+00:00,cmk2kr6mw0035l804m3dokzm8,Appointment of a Panel of Multi-disciplinary Engineering Professional Service Providers for a Preriod of Five Years.,National,,18.20,Find contact,
35fffb50-0d21-4009-b769-4a21978b18d9,ECE ENGINEERS,,,,,none,0.00,2026-02-15 13:53:44.043000+00:00,cmk2kr6mw0035l804m3dokzm8,Appointment of a Panel of Multi-disciplinary Engineering Professional Service Providers for a Preriod of Five Years.,National,,18.20,Find contact,
bc210eea-3eb8-4d20-b89f-f2dd23025f81,IX ENGINEERS,,,,,none,0.00,2026-02-15 13:53:44.034000+00:00,cmk2kr6mw0035l804m3dokzm8,Appointment of a Panel of Multi-disciplinary Engineering Professional Service Providers for a Preriod of Five Years.,National,,18.20,Find contact,
19a9805d-73b7-4a79-b20e-4c00b23fcffb,KING AND ASSOCIATES ENGINEERING AND PROJECT MANAGERS,,,,,none,0.00,2026-02-15 13:53:44.025000+00:00,cmk2kr6mw0035l804m3dokzm8,Appointment of a Panel of Multi-disciplinary Engineering Professional Service Providers for a Preriod of Five Years.,National,,18.20,Find contact,
e42046c1-b047-46ac-8b17-5fb5c5bfe279,LAZWI ENGINEERING 16,,,,,none,0.00,2026-02-15 13:53:44.016000+00:00,cmk2kr6mw0035l804m3dokzm8,Appointment of a Panel of Multi-disciplinary Engineering Professional Service Providers for a Preriod of Five Years.,National,,18.20,Find contact,
9a7b98be-de8c-41b4-9fa5-cabcb034b316,LDM QUANTITY SURVEYORS DBN,,,,,none,0.00,2026-02-15 13:53:44.006000+00:00,cmk2kr6mw0035l804m3dokzm8,Appointment of a Panel of Multi-disciplinary Engineering Professional Service Providers for a Preriod of Five Years.,National,,18.20,Find contact,
31facf2a-0df3-4f25-9912-efbeab46869c,LEKO ENGINEERING CONSULTANTS,,,,,none,0.00,2026-02-15 13:53:43.998000+00:00,cmk2kr6mw0035l804m3dokzm8,Appointment of a Panel of Multi-disciplinary Engineering Professional Service Providers for a Preriod of Five Years.,National,,18.20,Find contact,
1ec0e91d-e9b0-48a9-b1d7-9043ed8ecc4d,MANAGEMENT DESIGN AND CONSTRUCTION CONSULTANTS,,,,,none,0.00,2026-02-15 13:53:43.988000+00:00,cmk2kr6mw0035l804m3dokzm8,Appointment of a Panel of Multi-disciplinary Engineering Professional Service Providers for a Preriod of Five Years.,National,,18.20,Find contact,
968a7562-91a0-43c3-bee2-a1426f6169fe,MARISWE,,,,,none,0.00,2026-02-15 13:53:43.978000+00:00,cmk2kr6mw0035l804m3dokzm8,Appointment of a Panel of Multi-disciplinary Engineering Professional Service Providers for a Preriod of Five Years.,National,,18.20,Find contact,
eac991e4-b186-423b-a20c-318158e7ca75,MAMOLOKO AND ASSOCIATES ENGINEERS,,,,,none,0.00,2026-02-15 13:53:43.969000+00:00,cmk2kr6mw0035l804m3dokzm8,Appointment of a Panel of Multi-disciplinary Engineering Professional Service Providers for a Preriod of Five Years.,National,,18.20,Find contact,
4b2b8519-50b2-4453-8811-2af524b34341,MUTEO CONSULTING,,,,,none,0.00,2026-02-15 13:53:43.960000+00:00,cmk2kr6mw0035l804m3dokzm8,Appointment of a Panel of Multi-disciplinary Engineering Professional Service Providers for a Preriod of Five Years.,National,,18.20,Find contact,
e02534ba-05ec-4619-89c3-ed9ba84e8fd6,MVD KALAHARI CONSULTING ENGINEERS AND TOWN PLANNERS,,,,,none,0.00,2026-02-15 13:53:43.951000+00:00,cmk2kr6mw0035l804m3dokzm8,Appointment of a Panel of Multi-disciplinary Engineering Professional Service Providers for a Preriod of Five Years.,National,,18.20,Find contact,
0125f149-1fa9-4323-ad17-a730fbc45197,NEVHUTALU CONSULTING ENGINEERS,,,,,none,0.00,2026-02-15 13:53:43.943000+00:00,cmk2kr6mw0035l804m3dokzm8,Appointment of a Panel of Multi-disciplinary Engineering Professional Service Providers for a Preriod of Five Years.,National,,18.20,Find contact,
d56774de-41b8-432b-ac13-617736c33a3b,PARADOX YOUNG AND ASSOCIATES,,,,,none,0.00,2026-02-15 13:53:43.933000+00:00,cmk2kr6mw0035l804m3dokzm8,Appointment of a Panel of Multi-disciplinary Engineering Professional Service Providers for a Preriod of Five Years.,National,,18.20,Find contact,
71515e11-6676-4ade-ae46-25c359692fad,RSZ ENGINEERS AND PROJECT MANAGERS,,,,,none,0.00,2026-02-15 13:53:43.924000+00:00,cmk2kr6mw0035l804m3dokzm8,Appointment of a Panel of Multi-disciplinary Engineering Professional Service Providers for a Preriod of Five Years.,National,,18.20,Find contact,
a0a8fe7a-abac-48a5-94a8-e6d94fd884fc,TALIESIN CRAFTS,,,,,none,0.00,2026-02-15 13:53:43.915000+00:00,cmk2kr6mw0035l804m3dokzm8,Appointment of a Panel of Multi-disciplinary Engineering Professional Service Providers for a Preriod of Five Years.,National,,18.20,Find contact,
ac4c30db-bd4c-4604-b1ef-471394b9ca9a,TMS CONSULTING ENGINEERS AND PROJECT MANAGEMENT,,,,,none,0.00,2026-02-15 13:53:43.905000+00:00,cmk2kr6mw0035l804m3dokzm8,Appointment of a Panel of Multi-disciplinary Engineering Professional Service Providers for a Preriod of Five Years.,National,,18.20,Find contact,
f89a962f-3813-4f4c-b479-9a359996fea4,TSHASHU CONSULTING AND PROJECTS MANAGERS,,,,,none,0.00,2026-02-15 13:53:43.895000+00:00,cmk2kr6mw0035l804m3dokzm8,Appointment of a Panel of Multi-disciplinary Engineering Professional Service Providers for a Preriod of Five Years.,National,,18.20,Find contact,
ac8b82f8-3d01-4e65-be69-65f753bdec1b,UKUZA CONSULTING,,,,,none,0.00,2026-02-15 13:53:43.885000+00:00,cmk2kr6mw0035l804m3dokzm8,Appointment of a Panel of Multi-disciplinary Engineering Professional Service Providers for a Preriod of Five Years.,National,,18.20,Find contact,
b02e6ea7-16d7-4954-963e-40f3bd8d6527,VST CONSULTING ENGINEERS,,,,,none,0.00,2026-02-15 13:53:43.875000+00:00,cmk2kr6mw0035l804m3dokzm8,Appointment of a Panel of Multi-disciplinary Engineering Professional Service Providers for a Preriod of Five Years.,National,,18.20,Find contact,
634bbf28-4635-4cfb-84da-a6ab4ba9b053,MASTECH GENERAL TRADING,,,,,none,0.00,2026-02-15 13:40:36.293000+00:00,cmk1ze3z10035l704yxa3rs1h,"Appointment of Executive Search Firms (‘head-hunter’) on a Panel of Service Providers to Source and Place Potential Executive, Senior Management and Critical Specialist Roles of the Industrial Development Corporation.",National,,18.20,Find contact,
e70cf441-b9f9-4088-a0e1-7c249fd50e84,MINDWORX CONSULTING,,,,,none,0.00,2026-02-15 13:40:36.280000+00:00,cmk1ze3z10035l704yxa3rs1h,"Appointment of Executive Search Firms (‘head-hunter’) on a Panel of Service Providers to Source and Place Potential Executive, Senior Management and Critical Specialist Roles of the Industrial Development Corporation.",National,,18.20,Find contact,
407ba961-b612-46fc-b83f-5d876aa991b9,HEIDRICK AND STRUGGLES SOUTH AFRICA,,,,,none,0.00,2026-02-15 13:40:36.262000+00:00,cmk1ze3z10035l704yxa3rs1h,"Appointment of Executive Search Firms (‘head-hunter’) on a Panel of Service Providers to Source and Place Potential Executive, Senior Management and Critical Specialist Roles of the Industrial Development Corporation.",National,,18.20,Find contact,
54743123-ed13-4da2-bf74-0532c9d41c83,FEMPOWER PERSONNEL,,,,,none,0.00,2026-02-15 13:40:36.246000+00:00,cmk1ze3z10035l704yxa3rs1h,"Appointment of Executive Search Firms (‘head-hunter’) on a Panel of Service Providers to Source and Place Potential Executive, Senior Management and Critical Specialist Roles of the Industrial Development Corporation.",National,,18.20,Find contact,
1b031c35-3073-431c-bcfd-adf1717e1a56,WARRIOR TALENT HOLDINGS,,,,,none,0.00,2026-02-15 13:40:36.234000+00:00,cmk1ze3z10035l704yxa3rs1h,"Appointment of Executive Search Firms (‘head-hunter’) on a Panel of Service Providers to Source and Place Potential Executive, Senior Management and Critical Specialist Roles of the Industrial Development Corporation.",National,,18.20,Find contact,
5e25eac1-b726-4bdb-b26d-6aea752c614e,TUESDAY CONSULTING,,,,,none,0.00,2026-02-15 13:40:36.206000+00:00,cmk1ze3z10035l704yxa3rs1h,"Appointment of Executive Search Firms (‘head-hunter’) on a Panel of Service Providers to Source and Place Potential Executive, Senior Management and Critical Specialist Roles of the Industrial Development Corporation.",National,,18.20,Find contact,
f5f7bd20-c2b6-49b9-9a5b-9e3a2c833ae5,THEO SMIT RECRUITMENT,,,,,none,0.00,2026-02-15 13:40:36.190000+00:00,cmk1ze3z10035l704yxa3rs1h,"Appointment of Executive Search Firms (‘head-hunter’) on a Panel of Service Providers to Source and Place Potential Executive, Senior Management and Critical Specialist Roles of the Industrial Development Corporation.",National,,18.20,Find contact,
c97daa2d-fd23-4529-8175-74c82e20bd92,SEARCH PARTNERS INTERNATIONAL,,,,,none,0.00,2026-02-15 13:40:36.178000+00:00,cmk1ze3z10035l704yxa3rs1h,"Appointment of Executive Search Firms (‘head-hunter’) on a Panel of Service Providers to Source and Place Potential Executive, Senior Management and Critical Specialist Roles of the Industrial Development Corporation.",National,,18.20,Find contact,
dd62ff78-6f0e-4ec6-a292-c8c75b40ddcd,PEOPLE PERFECT,,,,,none,0.00,2026-02-15 13:40:36.150000+00:00,cmk1ze3z10035l704yxa3rs1h,"Appointment of Executive Search Firms (‘head-hunter’) on a Panel of Service Providers to Source and Place Potential Executive, Senior Management and Critical Specialist Roles of the Industrial Development Corporation.",National,,18.20,Find contact,
eaa60834-e27a-46dc-afe5-600a32295ad4,PATON PERSONNEL,,,,,none,0.00,2026-02-15 13:40:36.138000+00:00,cmk1ze3z10035l704yxa3rs1h,"Appointment of Executive Search Firms (‘head-hunter’) on a Panel of Service Providers to Source and Place Potential Executive, Senior Management and Critical Specialist Roles of the Industrial Development Corporation.",National,,18.20,Find contact,
23973a67-f486-4728-bded-9b96c297d067,TRANSEARCH,,,,,none,0.00,2026-02-15 13:40:36.127000+00:00,cmk1ze3z10035l704yxa3rs1h,"Appointment of Executive Search Firms (‘head-hunter’) on a Panel of Service Providers to Source and Place Potential Executive, Senior Management and Critical Specialist Roles of the Industrial Development Corporation.",National,,18.20,Find contact,
45f5998c-9348-4524-aae9-3bdffd91a4d1,MKABAYI ADVISORY,,,,,none,0.00,2026-02-15 13:40:36.115000+00:00,cmk1ze3z10035l704yxa3rs1h,"Appointment of Executive Search Firms (‘head-hunter’) on a Panel of Service Providers to Source and Place Potential Executive, Senior Management and Critical Specialist Roles of the Industrial Development Corporation.",National,,18.20,Find contact,
fad926b8-6f85-413d-bd7c-55518a550d71,FULIGEN,,,,,none,0.00,2026-02-15 13:40:36.103000+00:00,cmk1ze3z10035l704yxa3rs1h,"Appointment of Executive Search Firms (‘head-hunter’) on a Panel of Service Providers to Source and Place Potential Executive, Senior Management and Critical Specialist Roles of the Industrial Development Corporation.",National,,18.20,Find contact,
ffa922b3-186d-4d14-800e-4d05251c0096,SIGODI MARAH MARTIN MANAGEMENT SUPPORT,,,,,none,0.00,2026-02-15 13:39:46.078000+00:00,cmk1urpq2002hl504xtce4b0l,Professional Service Providers Framework (Term) Contract for: Multi Disciplinary Psp Services for the Water & Sanitation Implementation Programme for a Period of 48 Months.,National,,18.20,Find contact,
d1df1add-beec-49d0-bab7-b5b442f3938d,VUXAKA CONSULTING ENGINEERS,,,,,none,0.00,2026-02-15 13:39:46.067000+00:00,cmk1urpq2002hl504xtce4b0l,Professional Service Providers Framework (Term) Contract for: Multi Disciplinary Psp Services for the Water & Sanitation Implementation Programme for a Period of 48 Months.,National,,18.20,Find contact,
83164415-b9d4-493b-b6ea-e6f007d255c2,MAFUMU CONSULTING,,,,,none,0.00,2026-02-15 13:39:46.055000+00:00,cmk1urpq2002hl504xtce4b0l,Professional Service Providers Framework (Term) Contract for: Multi Disciplinary Psp Services for the Water & Sanitation Implementation Programme for a Period of 48 Months.,National,,18.20,Find contact,
938f6a59-c2bb-4951-bab4-9b2bc0683a9e,MILLION TECHNOLOGIES,,,,,none,18815345.18,2026-02-15 13:38:42.838000+00:00,cmkh32lhp002zjj045f2q6s4g,"Term Tender for Manufacture, Supply and Delivery of Prefabricated Concrete Plinths/bases for Equipment for Energy Directorate Contract Period: [36] Months from the Commencement Date of the Contract",Western Cape,,18.20,Find contact,
801f3cc7-a51d-4cd8-9d84-79c525bf5745,VUMILIA AFRICA GROUP,,,,,none,0.00,2026-02-15 13:38:21.760000+00:00,cmkqzlvlp005iky044ojwrbhw,Appointment of Expects to Render Services and Hands on Support: Compilation of Annual Financial Statements for a Period of 3 Years,Northern Cape,,18.20,Find contact,
2fbddc52-46e5-4e57-8ee5-a315cefc30ca,DOUGTHUL,,,,,none,0.00,2026-02-15 13:38:21.749000+00:00,cmkqzlvlp005iky044ojwrbhw,Appointment of Expects to Render Services and Hands on Support: Compilation of Annual Financial Statements for a Period of 3 Years,Northern Cape,,18.20,Find contact,
35007c98-e065-4ae3-b634-648735647c96,WE INVEST AFRICA,,,,,none,0.00,2026-02-15 13:38:21.738000+00:00,cmkqzlvlp005iky044ojwrbhw,Appointment of Expects to Render Services and Hands on Support: Compilation of Annual Financial Statements for a Period of 3 Years,Northern Cape,,18.20,Find contact,
c25dc383-8d19-4bf0-8781-acf32b61de93,JOBAFRIK CONSULTING,,,,,none,0.00,2026-02-15 13:38:21.726000+00:00,cmkqzlvlp005iky044ojwrbhw,Appointment of Expects to Render Services and Hands on Support: Compilation of Annual Financial Statements for a Period of 3 Years,Northern Cape,,18.20,Find contact,
126e76a7-cdaa-4dbb-9234-195f33e198ff,BANTUBANYE INVESTMENTS,,,,,none,0.00,2026-02-15 13:38:21.716000+00:00,cmkqzlvlp005iky044ojwrbhw,Appointment of Expects to Render Services and Hands on Support: Compilation of Annual Financial Statements for a Period of 3 Years,Northern Cape,,18.20,Find contact,
bc4412b1-7b1a-478a-8043-6857a67aa7a7,NOUVEL AGE BUSINESS SOLUTIONS,,,,,none,0.00,2026-02-15 13:38:21.692000+00:00,cmkqzlvlp005iky044ojwrbhw,Appointment of Expects to Render Services and Hands on Support: Compilation of Annual Financial Statements for a Period of 3 Years,Northern Cape,,18.20,Find contact,
df1e4399-19ee-4137-b8d7-1ce41bb86ce6,SUMMAT TRAINING INSTITUTE,,,,,none,0.00,2026-02-15 13:38:21.682000+00:00,cmkqzlvlp005iky044ojwrbhw,Appointment of Expects to Render Services and Hands on Support: Compilation of Annual Financial Statements for a Period of 3 Years,Northern Cape,,18.20,Find contact,
056f30a1-6a31-44f5-aad6-5ebd69bf1783,CLOCKWYSE CAPITAL,,,,,none,0.00,2026-02-15 13:38:04.603000+00:00,cmkpfvy9t03bhuapw05hsrpcp,"Appointment of a Panel of Service Providers for the Supply, Repairs and Fitment of New Tyres and Wheel Puncture of Municipal Fleet and Equipment for Thembisile Hani Local Municipality for a Period of 36 Months.",Mpumalanga,,18.20,Find contact,
a989dec8-df3b-470e-992b-0c14d54e2237,KONECT TELECOMMUNICATIONS,,,,,none,0.00,2026-02-15 13:37:40.336000+00:00,cmk2gu63q001ll104pj0dgvtd,"Border Management Authority (Bma) Invites All Interested Parties to Respond to the Request for Expression of Interest to Be Appointed on a Panel for the Supply and Installation of a Comprehensive Network Connectivity Solution Comprising of Telephony, Wireless Lan, Wan, and Sd-wan Services in Ports of Entry for a Period of 48 Months",Gauteng,,18.20,Find contact,
fc43eb4a-720e-4ccf-8963-40dcfb71ca8a,GIJIMA HOLDINGS,,,,,none,0.00,2026-02-15 13:37:40.315000+00:00,cmk2gu63q001ll104pj0dgvtd,"Border Management Authority (Bma) Invites All Interested Parties to Respond to the Request for Expression of Interest to Be Appointed on a Panel for the Supply and Installation of a Comprehensive Network Connectivity Solution Comprising of Telephony, Wireless Lan, Wan, and Sd-wan Services in Ports of Entry for a Period of 48 Months",Gauteng,,18.20,Find contact,
02b6dd57-21b3-458d-811c-c2084cf1ed9e,EMALANGENI TECHNOLOGIES,,,,,none,0.00,2026-02-15 13:37:40.304000+00:00,cmk2gu63q001ll104pj0dgvtd,"Border Management Authority (Bma) Invites All Interested Parties to Respond to the Request for Expression of Interest to Be Appointed on a Panel for the Supply and Installation of a Comprehensive Network Connectivity Solution Comprising of Telephony, Wireless Lan, Wan, and Sd-wan Services in Ports of Entry for a Period of 48 Months",Gauteng,,18.20,Find contact,
c807d140-1ed5-4299-acba-57c980ef609b,DESTINY GLOBAL TECHNOLOGY,,,,,none,0.00,2026-02-15 13:37:40.293000+00:00,cmk2gu63q001ll104pj0dgvtd,"Border Management Authority (Bma) Invites All Interested Parties to Respond to the Request for Expression of Interest to Be Appointed on a Panel for the Supply and Installation of a Comprehensive Network Connectivity Solution Comprising of Telephony, Wireless Lan, Wan, and Sd-wan Services in Ports of Entry for a Period of 48 Months",Gauteng,,18.20,Find contact,
7dbfede8-2a43-4927-9c64-511349f124be,BUSINESS CONNEXION,,,,,none,0.00,2026-02-15 13:37:40.282000+00:00,cmk2gu63q001ll104pj0dgvtd,"Border Management Authority (Bma) Invites All Interested Parties to Respond to the Request for Expression of Interest to Be Appointed on a Panel for the Supply and Installation of a Comprehensive Network Connectivity Solution Comprising of Telephony, Wireless Lan, Wan, and Sd-wan Services in Ports of Entry for a Period of 48 Months",Gauteng,,18.20,Find contact,
8ff51f7d-1cd4-4fa7-94b2-47eb6706b1d0,BRILLIANT TELECOMMUNICATIONS,,,,,none,0.00,2026-02-15 13:37:40.271000+00:00,cmk2gu63q001ll104pj0dgvtd,"Border Management Authority (Bma) Invites All Interested Parties to Respond to the Request for Expression of Interest to Be Appointed on a Panel for the Supply and Installation of a Comprehensive Network Connectivity Solution Comprising of Telephony, Wireless Lan, Wan, and Sd-wan Services in Ports of Entry for a Period of 48 Months",Gauteng,,18.20,Find contact,
471262e6-7b32-471d-ba48-fa4c4d82e7e2,TALENT EMPORIUM ACADEMY,,,,,none,0.00,2026-02-15 13:36:42.654000+00:00,cmk2kr6mw0035l804m3dokzm8,The Appointment of a Panel of Service Providers to Provide Capacity Building for the National Lotteries Commission Grantees for a Period of Three Years,National,,18.20,Find contact,
389c9a03-e11f-40be-b8a9-210a97bd02c6,LIMA RURAL DEVELOPMENT FOUNDATION (RF),,,,,none,0.00,2026-02-15 13:36:42.637000+00:00,cmk2kr6mw0035l804m3dokzm8,The Appointment of a Panel of Service Providers to Provide Capacity Building for the National Lotteries Commission Grantees for a Period of Three Years,National,,18.20,Find contact,
563259f1-9eb0-488b-851d-b3a4343a4aa8,ISIBANI DEVELOPMENT PARTNERS,,,,,none,0.00,2026-02-15 13:36:42.625000+00:00,cmk2kr6mw0035l804m3dokzm8,The Appointment of a Panel of Service Providers to Provide Capacity Building for the National Lotteries Commission Grantees for a Period of Three Years,National,,18.20,Find contact,
39b99f27-3e9a-4887-a362-680ad7b29d94,HIV SA,,,,,none,0.00,2026-02-15 13:36:42.597000+00:00,cmk2kr6mw0035l804m3dokzm8,The Appointment of a Panel of Service Providers to Provide Capacity Building for the National Lotteries Commission Grantees for a Period of Three Years,National,,18.20,Find contact,
650d515b-4039-43aa-a1d8-c2ef52aaa5bc,CLARICENT CONSULTING SERVICES,,,,,none,0.00,2026-02-15 13:36:42.586000+00:00,cmk2kr6mw0035l804m3dokzm8,The Appointment of a Panel of Service Providers to Provide Capacity Building for the National Lotteries Commission Grantees for a Period of Three Years,National,,18.20,Find contact,
ecdd7091-8b4b-4383-8d08-6912ac75637b,VEE STAR TRADING AND PROJECTS,,,,,none,0.00,2026-02-15 13:35:52.822000+00:00,cmkpq2dwd0b66uapw57yevuyp,"Bid for the Appointment of a Panel of Service Provider for the Rental of Plant, Vehicle and Equipment to Midvaal Local Municipality on an as and When Required Basis from the Date of Appointment for a Period of 36 Months.",Gauteng,,18.20,Find contact,
cb17822f-8559-4fee-aba5-e863fa3c610d,UKN ENVIRONMENTAL TRADING,,,,,none,0.00,2026-02-15 13:35:52.813000+00:00,cmkpq2dwd0b66uapw57yevuyp,"Bid for the Appointment of a Panel of Service Provider for the Rental of Plant, Vehicle and Equipment to Midvaal Local Municipality on an as and When Required Basis from the Date of Appointment for a Period of 36 Months.",Gauteng,,18.20,Find contact,
afc31163-ca87-4412-a722-75c2efdba73b,TAKATSO REFLECTION,,,,,none,0.00,2026-02-15 13:35:52.804000+00:00,cmkpq2dwd0b66uapw57yevuyp,"Bid for the Appointment of a Panel of Service Provider for the Rental of Plant, Vehicle and Equipment to Midvaal Local Municipality on an as and When Required Basis from the Date of Appointment for a Period of 36 Months.",Gauteng,,18.20,Find contact,
ba6fc9ef-fe20-4be2-8e5d-f0bf7e91ba4a,T AND F CONSTRUCTION,,,,,none,0.00,2026-02-15 13:35:52.794000+00:00,cmkpq2dwd0b66uapw57yevuyp,"Bid for the Appointment of a Panel of Service Provider for the Rental of Plant, Vehicle and Equipment to Midvaal Local Municipality on an as and When Required Basis from the Date of Appointment for a Period of 36 Months.",Gauteng,,18.20,Find contact,
ea0765b3-37d4-4b11-aa14-686700756dff,ORABE BUSINESS ENTERPRISE,,,,,none,0.00,2026-02-15 13:35:52.784000+00:00,cmkpq2dwd0b66uapw57yevuyp,"Bid for the Appointment of a Panel of Service Provider for the Rental of Plant, Vehicle and Equipment to Midvaal Local Municipality on an as and When Required Basis from the Date of Appointment for a Period of 36 Months.",Gauteng,,18.20,Find contact,
18791e67-4751-4e8c-8248-17d003ab5308,NK REVENUES,,,,,none,0.00,2026-02-15 13:35:52.775000+00:00,cmkpq2dwd0b66uapw57yevuyp,"Bid for the Appointment of a Panel of Service Provider for the Rental of Plant, Vehicle and Equipment to Midvaal Local Municipality on an as and When Required Basis from the Date of Appointment for a Period of 36 Months.",Gauteng,,18.20,Find contact,
3c9ea1b4-110c-4968-a2a3-557f355254c6,NJILO CONSULTING AND LOGISTICS,,,,,none,0.00,2026-02-15 13:35:52.766000+00:00,cmkpq2dwd0b66uapw57yevuyp,"Bid for the Appointment of a Panel of Service Provider for the Rental of Plant, Vehicle and Equipment to Midvaal Local Municipality on an as and When Required Basis from the Date of Appointment for a Period of 36 Months.",Gauteng,,18.20,Find contact,
732800cc-0098-4df0-9611-19eb3823bb45,MMAZWI CIVIL AND CONSTRUCTION SERVICES,,,,,none,0.00,2026-02-15 13:35:52.756000+00:00,cmkpq2dwd0b66uapw57yevuyp,"Bid for the Appointment of a Panel of Service Provider for the Rental of Plant, Vehicle and Equipment to Midvaal Local Municipality on an as and When Required Basis from the Date of Appointment for a Period of 36 Months.",Gauteng,,18.20,Find contact,
8253f8d2-3f4c-46ac-9e61-d651a44f9b49,MMATAMEDI ELECTRICAL AND PROJECTS,,,,,none,0.00,2026-02-15 13:35:52.747000+00:00,cmkpq2dwd0b66uapw57yevuyp,"Bid for the Appointment of a Panel of Service Provider for the Rental of Plant, Vehicle and Equipment to Midvaal Local Municipality on an as and When Required Basis from the Date of Appointment for a Period of 36 Months.",Gauteng,,18.20,Find contact,
01b29b98-fe76-4362-9ed3-13d97937b741,MBEKENI TRADING AND PROJECTS,,,,,none,0.00,2026-02-15 13:35:52.738000+00:00,cmkpq2dwd0b66uapw57yevuyp,"Bid for the Appointment of a Panel of Service Provider for the Rental of Plant, Vehicle and Equipment to Midvaal Local Municipality on an as and When Required Basis from the Date of Appointment for a Period of 36 Months.",Gauteng,,18.20,Find contact,
4eb8f4f0-48c2-402b-988a-43860e214a8b,MANOO SOLUTIONS,,,,,none,0.00,2026-02-15 13:35:52.728000+00:00,cmkpq2dwd0b66uapw57yevuyp,"Bid for the Appointment of a Panel of Service Provider for the Rental of Plant, Vehicle and Equipment to Midvaal Local Municipality on an as and When Required Basis from the Date of Appointment for a Period of 36 Months.",Gauteng,,18.20,Find contact,
2dba1bec-b4bf-4bf0-b798-ad438b1e5a36,LICHENRY CONSTRUCTION,,,,,none,0.00,2026-02-15 13:35:52.719000+00:00,cmkpq2dwd0b66uapw57yevuyp,"Bid for the Appointment of a Panel of Service Provider for the Rental of Plant, Vehicle and Equipment to Midvaal Local Municipality on an as and When Required Basis from the Date of Appointment for a Period of 36 Months.",Gauteng,,18.20,Find contact,
f1b0bfef-b3f9-4a1d-aebf-5646a201b89a,KUKHULU PLANT HIRE,,,,,none,0.00,2026-02-15 13:35:52.708000+00:00,cmkpq2dwd0b66uapw57yevuyp,"Bid for the Appointment of a Panel of Service Provider for the Rental of Plant, Vehicle and Equipment to Midvaal Local Municipality on an as and When Required Basis from the Date of Appointment for a Period of 36 Months.",Gauteng,,18.20,Find contact,
dfc36af8-a75b-4c4c-8af4-95ed92b7c274,FEMGROW,,,,,none,0.00,2026-02-15 13:35:52.697000+00:00,cmkpq2dwd0b66uapw57yevuyp,"Bid for the Appointment of a Panel of Service Provider for the Rental of Plant, Vehicle and Equipment to Midvaal Local Municipality on an as and When Required Basis from the Date of Appointment for a Period of 36 Months.",Gauteng,,18.20,Find contact,
a0d4769e-b15b-4f84-8584-8d9761a068aa,EXQUISITE MANAGEMENT PROJECTS,,,,,none,0.00,2026-02-15 13:35:52.687000+00:00,cmkpq2dwd0b66uapw57yevuyp,"Bid for the Appointment of a Panel of Service Provider for the Rental of Plant, Vehicle and Equipment to Midvaal Local Municipality on an as and When Required Basis from the Date of Appointment for a Period of 36 Months.",Gauteng,,18.20,Find contact,
f058bab8-e257-44a0-bf83-2fb4ebaffc09,EKENE INVESTMENTS,,,,,none,0.00,2026-02-15 13:35:52.677000+00:00,cmkpq2dwd0b66uapw57yevuyp,"Bid for the Appointment of a Panel of Service Provider for the Rental of Plant, Vehicle and Equipment to Midvaal Local Municipality on an as and When Required Basis from the Date of Appointment for a Period of 36 Months.",Gauteng,,18.20,Find contact,
a95a444d-26be-4dc2-84b9-0f0afbe00847,AQUA TRANSPORT AND PLANT HIRE,,,,,none,0.00,2026-02-15 13:35:52.667000+00:00,cmkpq2dwd0b66uapw57yevuyp,"Bid for the Appointment of a Panel of Service Provider for the Rental of Plant, Vehicle and Equipment to Midvaal Local Municipality on an as and When Required Basis from the Date of Appointment for a Period of 36 Months.",Gauteng,,18.20,Find contact,
678cd7c7-5a1b-43d9-94e9-d20806dd5647,BLUE RAND EMPIRE,,,,,none,0.00,2026-02-15 13:35:52.657000+00:00,cmkpq2dwd0b66uapw57yevuyp,"Bid for the Appointment of a Panel of Service Provider for the Rental of Plant, Vehicle and Equipment to Midvaal Local Municipality on an as and When Required Basis from the Date of Appointment for a Period of 36 Months.",Gauteng,,18.20,Find contact,
64964878-3964-4e22-8bd9-7e41ae794786,DISTINCT INFRASTRUCTURE SOLUTIONS,,,,,none,0.00,2026-02-15 13:35:52.648000+00:00,cmkpq2dwd0b66uapw57yevuyp,"Bid for the Appointment of a Panel of Service Provider for the Rental of Plant, Vehicle and Equipment to Midvaal Local Municipality on an as and When Required Basis from the Date of Appointment for a Period of 36 Months.",Gauteng,,18.20,Find contact,
e067a85d-b367-4f87-baf2-02ec08518f0d,DRIEHUIS HOLDINGS,,,,,none,0.00,2026-02-15 13:35:52.638000+00:00,cmkpq2dwd0b66uapw57yevuyp,"Bid for the Appointment of a Panel of Service Provider for the Rental of Plant, Vehicle and Equipment to Midvaal Local Municipality on an as and When Required Basis from the Date of Appointment for a Period of 36 Months.",Gauteng,,18.20,Find contact,
d8e6dc77-4edf-4de8-be1e-2e46cb41cb20,ECO CAR HIRE,,,,,none,0.00,2026-02-15 13:35:52.628000+00:00,cmkpq2dwd0b66uapw57yevuyp,"Bid for the Appointment of a Panel of Service Provider for the Rental of Plant, Vehicle and Equipment to Midvaal Local Municipality on an as and When Required Basis from the Date of Appointment for a Period of 36 Months.",Gauteng,,18.20,Find contact,
51b09137-911e-49b8-a21a-4893f4e47b2b,VOX TELECOMMUNICATIONS,,,,,none,0.00,2026-02-15 13:37:40.346000+00:00,cmk2gu63q001ll104pj0dgvtd,"Border Management Authority (Bma) Invites All Interested Parties to Respond to the Request for Expression of Interest to Be Appointed on a Panel for the Supply and Installation of a Comprehensive Network Connectivity Solution Comprising of Telephony, Wireless Lan, Wan, and Sd-wan Services in Ports of Entry for a Period of 48 Months",Gauteng,,13.20,Find contact,
d9fbec02-936d-424b-baf0-d48c5b1d1f52,HYDRENCO,,,,,none,460000000.00,2026-02-15 13:39:51.372000+00:00,cmkh32lhp002zjj045f2q6s4g,Supply and Delivery of Various Trucks Fitted with Rear Loading Waste Compactors with Detachable Bin Lifters.,Western Cape,,11.20,Find contact,
c74be535-9f53-45bc-9ee2-1a7e8939f839,600CT MANUFACTURING,,,,,none,460000000.00,2026-02-15 13:39:51.365000+00:00,cmkh32lhp002zjj045f2q6s4g,Supply and Delivery of Various Trucks Fitted with Rear Loading Waste Compactors with Detachable Bin Lifters.,Western Cape,,11.20,Find contact,
